tickerSymbol,trendPriceRelationship,currentTrend,previousTrend,currentPrice,previousPrice,topOccurrences,reason,timeScanned
SLRX,N/A,16.0,0.0,,,0,good!,08:50
BSQR,N/A,8.396,0.0,,,0,good!,08:48
SINT,N/A,7.631,0.0,,,0,good!,08:43
ADMP,N/A,6.18,0.0,,,0,good!,08:49
EDSA,N/A,5.994,6.164,,,1,good!,08:41
LKCO,N/A,3.954,0.0,,,0,good!,08:45
BIOL,20.043,3.779,4.25,0.948,0.9245,3,good!,08:41
PRVB,N/A,3.517,0.0,,,0,good!,08:43
GMBL,N/A,3.402,4.328,,,1,good!,08:41
GOED,N/A,2.938,0.0,,,0,good!,08:50
TKAT,N/A,2.913,1.251,,,1,good!,08:41
ORPH,N/A,2.902,0.0,,,0,good!,08:44
PLX,N/A,2.825,4.265,,,1,good!,08:41
BXRX,N/A,2.566,0.0,,,0,good!,08:48
CHEK,N/A,2.504,0.0,,,0,good!,08:48
FULC,235.0,2.423,2.658,23.5,23.5,3,good!,08:41
LFMD,N/A,2.405,0.0,,,0,good!,08:45
GTX,N/A,2.341,0.0,,,0,good!,08:46
NBRV,N/A,2.288,0.0,,,0,good!,08:45
XSPA,N/A,2.268,2.194,,,1,good!,08:41
BOXL,74.8,2.207,2.955,2.53,2.52,3,good!,08:41
WORX,N/A,2.119,0.0,,,0,good!,08:41
CTRM,N/A,2.11,0.0,,,0,good!,08:48
CEMI,N/A,1.739,0.0,,,0,good!,08:48
JAGX,86.0,1.715,2.575,1.27,1.28,3,good!,08:41
BTB,52.0,1.586,1.638,1.3,1.3,2,good!,08:41
XERS,N/A,1.581,1.774,,,0,good!,08:41
ENG,N/A,1.547,1.493,,,0,good!,08:41
VACQ,N/A,1.522,1.281,,,1,good!,08:41
NOVN,N/A,1.472,1.265,,,0,good!,08:41
NAOV,45.3,1.435,2.794,3.08,3.05,3,good!,08:41
MRIN,N/A,1.418,0.0,5.65,5.65,2,good!,08:45
DPW,N/A,1.392,1.157,,,1,good!,08:41
CIDM,N/A,1.341,1.301,,,0,good!,08:41
ATOS,N/A,1.317,1.221,,,1,good!,08:41
SPRT,0.091,1.305,1.346,8.63,8.18,2,good!,08:41
GNUS,N/A,1.278,1.906,,,1,good!,08:41
SNMP,N/A,1.23,0.0,,,0,good!,08:41
ID,N/A,1.208,0.0,,,0,good!,08:46
VYNE,N/A,1.206,1.625,,,0,good!,08:41
HITI,N/A,1.195,1.675,,,0,good!,08:41
NAKD,N/A,1.187,0.0,,,0,good!,08:45
ZEV,N/A,1.18,0.0,,,1,good!,08:41
TOUR,N/A,1.16,1.355,,,0,good!,08:41
GAME,N/A,1.144,0.0,,,0,good!,08:47
AUTO,N/A,1.111,1.449,,,0,good!,08:41
DYAI,N/A,1.109,1.977,,,1,good!,08:41
VS,N/A,1.062,1.273,,,1,good!,08:41
XBIO,N/A,1.037,0.0,,,0,good!,08:41
PBTS,N/A,1.028,1.126,,,0,good!,08:41
SOS,N/A,1.025,1.094,,,1,good!,08:41
UK,N/A,1.021,1.067,,,0,good!,08:41
NAK,N/A,1.019,0.0,,,0,good!,08:45
BEST,N/A,1.003,1.064,,,0,good!,08:41
VGZ,N/A,0.0,0.0,,,0,low result,08:41
THM,N/A,0.0,0.0,,,0,low result,08:41
TFFP,N/A,0.0,0.0,,,0,low result,08:41
TH,N/A,0.0,0.0,,,0,low result,08:41
THTX,N/A,0.0,0.0,,,0,low result,08:41
THMO,N/A,0.0,0.0,,,0,spiked data,08:41
TGA,N/A,0.0,0.0,,,0,spiked data,08:41
SNGX,N/A,0.0,0.0,,,0,low result,08:41
SNII,N/A,0.0,0.0,,,0,no data,08:41
SNES,N/A,0.0,0.0,,,0,low result,08:41
SNCR,N/A,0.0,0.0,,,0,low result,08:41
SNFCA,N/A,0.0,0.0,,,0,low result,08:41
RFIL,N/A,0.0,0.0,,,0,low result,08:41
RETO,N/A,0.0,0.0,,,0,low result,08:41
RGS,N/A,0.0,0.0,,,0,low result,08:41
RGC,N/A,0.0,0.0,,,0,low result,08:41
RHE,N/A,0.0,0.0,,,0,spiked data,08:41
RESN,N/A,0.0,0.0,,,0,low result,08:41
PMM,N/A,0.0,0.0,,,0,low result,08:41
PMBC,N/A,0.0,0.0,,,0,low result,08:41
PLIN,N/A,0.0,0.0,,,0,low result,08:41
NEW,N/A,0.0,0.0,,,0,low result,08:41
NEPT,N/A,0.0,0.0,,,0,spiked data,08:41
NEXT,N/A,0.0,0.0,,,0,low result,08:41
NGAC,N/A,0.0,0.0,,,0,spiked data,08:41
NES,N/A,0.0,0.0,,,0,low result,08:41
NEPH,N/A,0.0,0.0,,,0,no data,08:41
LUB,N/A,0.0,0.0,,,0,low result,08:41
JUPW,N/A,0.0,0.0,,,0,spiked data,08:41
IAF,N/A,0.0,0.0,,,0,low result,08:41
ICMB,N/A,0.0,0.0,,,0,no data,08:41
ICD,N/A,0.0,0.0,,,0,low result,08:41
ICLK,N/A,0.0,0.0,,,0,low result,08:41
ICON,N/A,0.0,0.0,,,0,low result,08:41
GOVX,N/A,0.0,0.0,,,0,low result,08:41
GPAC,N/A,0.0,0.0,,,0,no data,08:41
GPL,N/A,0.0,0.0,,,0,low result,08:41
GOBI,N/A,0.0,0.0,,,0,low result,08:41
FORD,N/A,0.0,0.0,,,0,low result,08:41
EGGF,N/A,0.0,0.0,,,0,no data,08:41
EKSO,N/A,0.0,0.0,,,0,low result,08:41
ELA,N/A,0.0,0.0,,,0,low result,08:41
ELDN,N/A,0.0,0.0,,,0,low result,08:41
EIGR,N/A,0.0,0.0,,,0,low result,08:41
EJH,N/A,0.0,1.056,,,0,low result,08:50
CUBA,N/A,0.0,0.0,,,0,low result,08:50
CWBR,N/A,0.0,1.703,,,0,low result,08:50
CXDC,N/A,0.0,0.0,,,0,low result,08:50
CVGI,N/A,0.0,0.0,,,0,low result,08:50
CVM,N/A,0.0,1.56,9.5,9.5,2,low result,08:50
CVU,N/A,0.0,0.0,,,0,low result,08:50
CFRX,N/A,0.0,0.0,,,0,low result,08:50
CFVI,N/A,0.0,0.0,,,0,no data,08:41
CFV,N/A,0.0,0.0,,,0,low result,08:41
CGRN,N/A,0.0,0.0,,,0,low result,08:41
BCTX,N/A,0.0,0.0,,,0,spiked data,08:41
BDSX,N/A,0.0,0.0,,,0,low result,08:41
ANIX,N/A,0.0,0.0,,,0,front zeros,08:41
ANAC,N/A,0.0,0.0,,,0,low result,08:41
ANPC,N/A,0.0,0.0,,,0,low result,08:41
AMPY,N/A,0.0,0.0,,,0,spiked data,08:41
AMTX,N/A,0.0,0.0,,,0,spiked data,08:41
ZVO,N/A,0.0,0.0,,,0,low result,08:41
ZSAN,N/A,0.0,0.0,,,1,low result,08:41
ZKIN,N/A,0.0,0.0,,,0,front zeros,08:41
ZIXI,N/A,0.0,0.0,,,0,low result,08:41
ZIVO,N/A,0.0,0.0,,,0,spiked data,08:41
ZYNE,N/A,0.0,0.0,,,0,low result,08:41
ZWRK,N/A,0.0,0.0,,,0,no data,08:41
ZTR,N/A,0.0,0.0,,,0,low result,08:41
YTEN,N/A,0.0,0.0,,,0,low result,08:41
YVR,N/A,0.0,0.0,,,0,spiked data,08:41
YTRA,N/A,0.0,0.0,,,0,low result,08:41
ZIOP,N/A,0.0,0.0,,,0,spiked data,08:41
ZCMD,N/A,0.0,0.0,,,0,low result,08:41
YQ,N/A,0.0,0.0,,,0,low result,08:41
YRD,N/A,0.0,0.0,,,0,low result,08:41
YMTX,N/A,0.0,0.0,,,0,low result,08:41
XTNT,N/A,0.0,0.0,,,0,low result,08:41
XYF,N/A,0.0,0.0,,,0,low result,08:41
YELL,N/A,0.0,0.0,,,0,low result,08:41
YGMZ,N/A,0.0,0.0,,,0,low result,08:41
YAC,N/A,0.0,0.0,,,0,low result,08:41
YCBD,N/A,0.0,0.0,,,0,spiked data,08:41
YJ,N/A,0.0,0.0,,,0,low result,08:41
XFOR,N/A,0.0,0.0,,,0,too many zeros,08:41
XNET,N/A,0.0,0.0,,,0,spiked data,08:41
XIN,N/A,0.0,0.0,,,0,low result,08:41
XPOA,N/A,0.0,0.0,,,0,low result,08:41
XTLB,N/A,0.0,0.0,,,0,low result,08:41
XPL,N/A,0.0,0.0,,,0,low result,08:41
XPDI,N/A,0.0,0.0,,,0,low result,08:41
XCUR,N/A,0.0,0.0,,,0,spiked data,08:41
WYY,N/A,0.0,0.0,,,0,low result,08:41
XFLT,N/A,0.0,0.0,,,0,no data,08:41
XELA,N/A,0.0,0.0,,,0,low result,08:41
XELB,N/A,0.0,0.0,,,0,low result,08:41
XAIR,N/A,0.0,0.0,,,0,low result,08:41
WTT,N/A,0.0,0.0,,,0,low result,08:41
WRAP,N/A,0.0,0.0,,,0,low result,08:41
WVE,N/A,0.0,0.0,,,0,low result,08:41
WTER,N/A,0.0,0.0,,,0,low result,08:41
WRN,N/A,0.0,0.0,,,0,low result,08:41
WWR,N/A,0.0,0.0,,,0,low result,08:41
WSR,N/A,0.0,0.0,,,0,low result,08:41
WTRH,N/A,0.0,0.0,,,0,low result,08:41
WNW,N/A,0.0,0.0,,,0,low result,08:41
WPG,N/A,0.0,0.0,,,0,low result,08:41
WNEB,N/A,0.0,0.0,,,0,low result,08:41
WMC,N/A,0.0,0.0,,,0,low result,08:41
WPCA,N/A,0.0,0.0,,,0,no data,08:41
WLMS,N/A,0.0,0.0,,,0,low result,08:41
WKEY,N/A,0.0,0.0,,,0,low result,08:41
WHLR,N/A,0.0,0.0,,,0,low result,08:42
WAVE,N/A,0.0,0.0,,,0,low result,08:42
WHLM,N/A,0.0,0.0,,,0,low result,08:42
WISA,N/A,0.0,0.0,,,0,low result,08:42
WIMI,N/A,0.0,1.683,,,1,front zeros,08:41
WINT,N/A,0.0,0.0,,,0,low result,08:42
WATT,N/A,0.0,0.0,,,0,low result,08:42
WEI,N/A,0.0,0.0,,,0,low result,08:42
VYNT,N/A,0.0,0.0,,,0,low result,08:42
WALD,N/A,0.0,0.0,,,0,low result,08:42
VTVT,N/A,0.0,0.0,,,0,low result,08:42
VVPR,N/A,0.0,0.0,,,0,low result,08:42
WAFU,N/A,0.0,0.0,,,0,low result,08:42
VYGR,N/A,0.0,0.0,,,0,low result,08:42
VVOS,N/A,0.0,0.0,,,0,low result,08:42
VSTM,N/A,0.0,0.0,,,0,low result,08:42
VTIQ,N/A,0.0,0.0,,,0,low result,08:42
VTAQ,N/A,0.0,0.0,,,0,no data,08:42
VTSI,N/A,0.0,0.0,,,0,spiked data,08:42
VRPX,N/A,0.0,0.0,,,0,low result,08:42
VTNR,N/A,0.0,0.0,,,0,spiked data,08:42
VTIQW,N/A,0.0,0.0,,,0,no data,08:42
VOLT,N/A,0.0,0.0,,,0,low result,08:42
VOC,N/A,0.0,0.0,,,0,low result,08:42
VPCB,N/A,0.0,0.0,,,0,low result,08:42
VPCC,N/A,0.0,0.0,,,0,low result,08:50
VOSO,N/A,0.0,0.0,,,0,low result,08:50
VNTR,N/A,0.0,0.0,,,0,low result,08:50
VRME,N/A,0.0,0.0,,,0,low result,08:50
VRNA,N/A,0.0,0.0,,,0,low result,08:50
VNRX,N/A,0.0,0.0,,,0,low result,08:50
VLON,N/A,0.0,0.0,,,0,no data,08:50
VNCE,N/A,0.0,0.0,,,0,no data,08:50
VLAT,N/A,0.0,0.0,,,0,no data,08:42
VMAC,N/A,0.0,0.0,,,0,low result,08:42
VMD,N/A,0.0,0.0,,,0,low result,08:42
VKTX,N/A,0.0,0.0,,,0,spiked data,08:42
VMAR,N/A,0.0,0.0,,,0,low result,08:42
VIRC,N/A,0.0,0.0,,,0,low result,08:42
VJET,N/A,0.0,0.0,,,0,low result,08:42
VIRI,N/A,0.0,0.0,,,0,low result,08:42
VIOT,N/A,0.0,0.0,,,0,low result,08:42
VIVE,N/A,0.0,0.0,,,0,low result,08:42
VIST,N/A,0.0,0.0,,,0,low result,08:42
VINO,N/A,0.0,0.0,,,0,low result,08:42
VISL,N/A,0.0,0.0,,,0,spiked data,08:42
VHAQ,N/A,0.0,0.0,,,0,no data,08:42
VII,N/A,0.0,0.0,,,0,low result,08:42
VIH,N/A,0.0,0.0,,,0,low result,08:42
VEV,N/A,0.0,0.0,,,0,low result,08:42
VGII,N/A,0.0,0.0,,,0,no data,08:42
VERY,N/A,0.0,0.0,,,1,spiked data,08:42
VHC,N/A,0.0,0.0,,,0,low result,08:42
VERB,N/A,0.0,0.0,,,0,low result,08:42
VENA,N/A,0.0,0.0,,,0,low result,08:42
VCNX,N/A,0.0,0.0,,,0,spiked data,08:42
VCKA,N/A,0.0,0.0,,,0,no data,08:42
VEEE,N/A,0.0,0.0,,,0,low result,08:42
VERO,N/A,0.0,0.0,,,1,spiked data,08:42
VECT,N/A,0.0,0.0,,,0,low result,08:42
VELO,N/A,0.0,0.0,,,0,low result,08:42
USX,N/A,0.0,0.0,,,0,low result,08:42
UTI,N/A,0.0,0.0,,,0,low result,08:42
UUU,N/A,0.0,0.0,,,0,low result,08:42
UTSI,N/A,0.0,0.0,,,0,low result,08:42
USWS,N/A,0.0,0.0,,,0,low result,08:42
UTME,N/A,0.0,0.0,,,0,low result,08:42
VBLT,N/A,0.0,0.0,,,0,low result,08:42
USIO,N/A,0.0,0.0,,,0,low result,08:42
URG,N/A,0.0,0.0,,,0,low result,08:42
USEG,N/A,0.0,0.0,,,0,low result,08:42
UPC,N/A,0.0,0.0,,,0,low result,08:42
USDP,N/A,0.0,0.0,,,0,low result,08:42
USAS,N/A,0.0,0.0,,,0,low result,08:42
UONEK,N/A,0.0,0.0,,,0,low result,08:42
UROY,N/A,0.0,0.0,,,0,low result,08:42
UONE,N/A,0.0,0.0,,,0,low result,08:42
UGRO,N/A,0.0,0.0,,,0,low result,08:42
UNCY,N/A,0.0,0.0,,,0,low result,08:42
ULBI,N/A,0.0,0.0,,,0,no data,08:42
UFAB,N/A,0.0,0.0,,,0,low result,08:42
UNAM,N/A,0.0,0.0,,,0,low result,08:42
UIHC,N/A,0.0,0.0,,,0,low result,08:42
UBX,N/A,0.0,0.0,,,0,low result,08:42
UAMY,N/A,0.0,0.0,,,0,low result,08:42
UBFO,N/A,0.0,0.0,,,0,no data,08:42
TYME,N/A,0.0,0.0,,,0,low result,08:42
UCL,N/A,0.0,0.0,,,0,low result,08:42
TYHT,N/A,0.0,0.0,,,0,low result,08:42
UAVS,N/A,0.0,0.0,,,1,spiked data,08:42
UEPS,N/A,0.0,0.0,,,0,low result,08:42
TWND,N/A,0.0,0.0,,,0,low result,08:42
TWNI,N/A,0.0,0.0,,,0,no data,08:42
TXMD,N/A,0.0,1.141,,,0,low result,08:41
TWOA,N/A,0.0,0.0,,,0,no data,08:42
TWNT,N/A,0.0,0.0,,,0,no data,08:42
TURN,N/A,0.0,0.0,,,0,low result,08:42
TWLV,N/A,0.0,0.0,,,0,no data,08:42
TUSK,N/A,0.0,0.0,,,0,low result,08:42
TTI,N/A,0.0,0.0,,,0,low result,08:42
TUGC,N/A,0.0,0.0,,,0,low result,08:42
TUEM,N/A,0.0,0.0,,,0,low result,08:42
TSRI,N/A,0.0,0.0,,,0,no data,08:42
TTSH,N/A,0.0,0.0,,,0,low result,08:42
TTNP,N/A,0.0,0.0,,,0,low result,08:42
TSI,N/A,0.0,0.0,,,0,low result,08:42
TTOO,N/A,0.0,0.0,,,0,spiked data,08:42
TRMT,N/A,0.0,0.0,,,0,low result,08:42
TRKA,N/A,0.0,0.0,,,0,low result,08:42
TRT,N/A,0.0,0.0,,,0,low result,08:42
TRX,N/A,0.0,0.0,,,0,low result,08:42
TRIT,N/A,0.0,0.0,,,0,low result,08:42
TRVN,N/A,0.0,1.316,,,1,front zeros,08:41
TRIB,N/A,0.0,0.0,,,0,low result,08:42
TRVI,N/A,0.0,0.0,,,0,low result,08:42
TPHS,N/A,0.0,0.0,,,0,no data,08:42
TMQ,N/A,0.0,0.0,,,0,low result,08:42
TREC,N/A,0.0,0.0,,,0,low result,08:42
TNXP,N/A,0.0,0.0,,,0,low result,08:42
TOMZ,N/A,0.0,0.0,,,0,low result,08:42
TNP,N/A,0.0,0.0,,,0,low result,08:42
TOPS,N/A,0.0,0.0,,,1,low result,08:42
TMAC,N/A,0.0,0.0,,,0,no data,08:42
TLMD,N/A,0.0,0.0,,,0,low result,08:42
TMKR,N/A,0.0,0.0,,,0,no data,08:42
TMBR,N/A,0.0,0.0,,,0,low result,08:42
TLGT,N/A,0.0,0.0,,,0,low result,08:42
TLSA,N/A,0.0,0.0,,,0,low result,08:42
TMDI,N/A,0.0,0.0,,,0,low result,08:42
TMPM,N/A,0.0,0.0,,,0,no data,08:42
TIPT,N/A,0.0,0.0,,,0,low result,08:42
TIRX,N/A,0.0,0.0,,,0,low result,08:50
TLC,N/A,0.0,0.0,,,0,low result,08:50
TK,N/A,0.0,0.0,,,0,low result,08:50
TIOA,N/A,0.0,0.0,,,0,no data,08:50
TLGA,N/A,0.0,0.0,,,0,no data,08:50
TISI,N/A,0.0,0.0,,,0,low result,08:50
THMA,N/A,0.0,0.0,,,0,no data,08:50
TETC,N/A,0.0,0.0,,,0,no data,08:50
TCON,N/A,0.0,0.0,,,0,low result,08:42
TESS,N/A,0.0,0.0,,,0,low result,08:42
TEI,N/A,0.0,0.0,,,0,low result,08:42
TERN,N/A,0.0,0.0,,,0,low result,08:42
TEKK,N/A,0.0,0.0,,,0,no data,08:42
TCDA,N/A,0.0,0.0,,,0,low result,08:42
TEDU,N/A,0.0,0.0,,,0,low result,08:42
TENX,N/A,0.0,0.0,,,0,low result,08:42
TATT,N/A,0.0,0.0,,,0,low result,08:42
TBLT,N/A,0.0,0.0,,,0,spiked data,08:42
TCAC,N/A,0.0,0.0,,,0,no data,08:42
TAOP,N/A,0.0,0.0,,,0,low result,08:42
TC,N/A,0.0,0.0,,,0,low result,08:42
TAST,N/A,0.0,0.0,,,0,low result,08:42
TARA,N/A,0.0,0.0,,,0,low result,08:42
TANH,N/A,0.0,0.0,,,0,low result,08:42
TACO,N/A,0.0,0.0,,,0,spiked data,08:42
SYTA,N/A,0.0,0.0,,,0,spiked data,08:42
SYN,N/A,0.0,0.0,,,0,low result,08:42
TAIT,N/A,0.0,0.0,,,0,spiked data,08:42
SYRS,N/A,0.0,0.0,,,0,low result,08:42
SYPR,N/A,0.0,0.0,,,0,low result,08:42
SYBX,N/A,0.0,0.0,,,0,low result,08:42
TACA,N/A,0.0,0.0,,,0,low result,08:42
SVRA,N/A,0.0,0.0,,,0,low result,08:42
SWET,N/A,0.0,0.0,,,0,no data,08:42
SWBK,N/A,0.0,0.0,,,0,low result,08:42
SVVC,N/A,0.0,0.0,,,0,no data,08:42
SVT,N/A,0.0,0.0,,,0,low result,08:42
SXTC,N/A,0.0,0.0,,,0,low result,08:42
SVOK,N/A,0.0,0.0,,,0,low result,08:42
SWZ,N/A,0.0,0.0,,,0,no data,08:42
SVFB,N/A,0.0,0.0,,,0,no data,08:42
SVFD,N/A,0.0,0.0,,,0,no data,08:42
SUPV,N/A,0.0,0.0,,,0,low result,08:42
SUNW,N/A,0.0,0.0,,,0,spiked data,08:42
SURF,N/A,0.0,0.0,,,0,spiked data,08:42
SUP,N/A,0.0,0.0,,,0,low result,08:42
SVFC,N/A,0.0,0.0,,,0,low result,08:42
STWO,N/A,0.0,0.0,,,0,no data,08:42
STPC,N/A,0.0,0.0,,,0,low result,08:42
STSA,N/A,0.0,0.0,,,0,low result,08:42
STIM,N/A,0.0,0.0,,,0,low result,08:42
STON,N/A,0.0,0.0,,,0,low result,08:42
STRE,N/A,0.0,0.0,,,0,no data,08:42
STRM,N/A,0.0,0.0,,,0,low result,08:42
STRR,N/A,0.0,0.0,,,0,low result,08:42
STKS,N/A,0.0,0.0,,,0,low result,08:42
STCN,N/A,0.0,0.0,,,0,low result,08:42
SSY,N/A,0.0,0.0,,,0,low result,08:42
SSKN,N/A,0.0,0.0,,,0,low result,08:42
STAF,N/A,0.0,0.0,,,0,low result,08:42
SSNT,N/A,0.0,0.0,,,0,low result,08:42
STG,N/A,0.0,0.0,,,0,low result,08:42
SSAA,N/A,0.0,0.0,,,0,low result,08:42
SRTS,N/A,0.0,0.0,,,0,low result,08:42
SRSA,N/A,0.0,0.0,,,0,no data,08:42
SRGA,N/A,0.0,0.0,,,0,low result,08:42
SQFT,N/A,0.0,0.0,,,0,low result,08:42
SQBG,N/A,0.0,0.0,,,0,low result,08:42
SRAX,N/A,0.0,0.0,,,0,low result,08:42
SREV,N/A,0.0,0.0,,,0,low result,08:42
SQNS,N/A,0.0,0.0,,,0,spiked data,08:42
SRT,N/A,0.0,0.0,,,0,front zeros,08:42
SPRB,N/A,0.0,0.0,,,0,low result,08:43
SPGS,N/A,0.0,0.0,,,0,low result,08:43
SPNV,N/A,0.0,0.0,,,0,low result,08:43
SPI,N/A,0.0,0.0,,,0,low result,08:43
SPOK,N/A,0.0,0.0,,,0,low result,08:43
SPKB,N/A,0.0,0.0,,,0,no data,08:43
SPTK,N/A,0.0,0.0,,,0,no data,08:43
SPCB,N/A,0.0,0.0,,,0,low result,08:43
SOLO,N/A,0.0,0.0,,,0,low result,08:43
SOL,N/A,0.0,0.0,,,0,spiked data,08:43
SONM,N/A,0.0,0.0,,,0,low result,08:43
SPFR,N/A,0.0,0.0,,,0,low result,08:43
SOI,N/A,0.0,0.0,,,0,low result,08:43
SONN,N/A,0.0,0.0,,,0,low result,08:43
SNOA,N/A,0.0,0.0,,,0,low result,08:43
SOFIW,N/A,0.0,0.0,,,0,low result,08:43
SOAC,N/A,0.0,0.0,,,0,low result,08:43
SOHO,N/A,0.0,0.0,,,0,low result,08:43
SNPR,N/A,0.0,0.0,,,0,low result,08:43
SNTG,N/A,0.0,0.0,,,0,low result,08:43
SNSE,N/A,0.0,0.0,,,0,low result,08:43
SNPX,N/A,0.0,0.0,,,0,low result,08:43
SND,N/A,0.0,0.0,,,0,low result,08:43
SMTS,N/A,0.0,0.0,,,0,low result,08:43
SLS,N/A,0.0,0.0,,,0,spiked data,08:50
SMED,N/A,0.0,0.0,,,0,low result,08:50
SMHI,N/A,0.0,0.0,,,0,low result,08:50
SLNO,N/A,0.0,0.0,,,0,low result,08:50
SMM,N/A,0.0,0.0,,,0,low result,08:50
SMIT,N/A,0.0,0.0,,,0,low result,08:50
SMSI,N/A,0.0,0.0,,,0,low result,08:50
SKYA,N/A,0.0,0.0,,,0,no data,08:43
SLDB,N/A,0.0,0.0,,,0,low result,08:43
SLAC,N/A,0.0,0.0,,,0,no data,08:43
SJT,N/A,0.0,0.0,,,0,low result,08:43
SLNG,N/A,0.0,0.0,,,0,low result,08:43
SLHG,N/A,0.0,0.0,,,0,low result,08:43
SLCR,N/A,0.0,0.0,,,0,no data,08:43
SLGG,N/A,0.0,0.0,,,0,spiked data,08:43
SHIP,N/A,0.0,0.0,,,0,low result,08:43
SIGA,N/A,0.0,0.0,,,0,low result,08:43
SINO,N/A,0.0,0.0,,,0,spiked data,08:43
SJ,N/A,0.0,0.0,,,0,low result,08:43
SIOX,N/A,0.0,0.0,,,0,spiked data,08:43
SIEN,N/A,0.0,0.0,,,0,low result,08:43
SIEB,N/A,0.0,0.0,,,0,low result,08:43
SGBX,N/A,0.0,0.0,,,0,low result,08:43
SGMA,N/A,0.0,0.0,,,0,low result,08:43
SGLB,N/A,0.0,0.0,,,0,low result,08:43
SGTX,N/A,0.0,0.0,,,0,spiked data,08:43
SGAM,N/A,0.0,0.0,,,0,low result,08:43
SFTW,N/A,0.0,0.0,,,0,low result,08:43
SGRP,N/A,0.0,0.0,,,0,low result,08:43
SFET,N/A,0.0,0.0,,,0,low result,08:43
SELB,N/A,0.0,0.0,,,0,low result,08:43
SDPI,N/A,0.0,0.0,,,0,low result,08:43
SEAC,N/A,0.0,0.0,,,0,spiked data,08:43
SFE,N/A,0.0,0.0,,,0,low result,08:43
SELF,N/A,0.0,0.0,,,0,spiked data,08:43
SECO,N/A,0.0,0.0,,,0,low result,08:43
SEEL,N/A,0.0,0.0,,,0,low result,08:43
SDH,N/A,0.0,0.0,,,0,low result,08:43
SDAC,N/A,0.0,0.0,,,0,no data,08:43
SCPE,N/A,0.0,0.0,,,0,low result,08:43
SD,N/A,0.0,0.0,,,0,low result,08:43
SCPS,N/A,0.0,0.0,,,0,low result,08:43
SCX,N/A,0.0,0.0,,,0,low result,08:43
SCVX,N/A,0.0,0.0,,,0,low result,08:43
SCPH,N/A,0.0,0.0,,,0,low result,08:43
SCYX,N/A,0.0,0.0,,,0,low result,08:43
SCOR,N/A,0.0,0.0,,,0,low result,08:43
SCKT,N/A,0.0,0.0,,,0,low result,08:43
SCLE,N/A,0.0,0.0,,,0,no data,08:43
SCOB,N/A,0.0,0.0,,,0,no data,08:43
SBEV,N/A,0.0,0.0,,,0,low result,08:43
SBT,N/A,0.0,0.0,,,0,low result,08:43
SBI,N/A,0.0,0.0,,,0,low result,08:43
SBII,N/A,0.0,0.0,,,0,no data,08:43
SACH,N/A,0.0,0.0,,,0,low result,08:43
SB,N/A,0.0,0.0,,,0,spiked data,08:43
SALM,N/A,0.0,0.0,,,0,low result,08:43
SBBP,N/A,0.0,0.0,,,0,low result,08:43
SBET,N/A,0.0,0.0,,,0,spiked data,08:43
SAII,N/A,0.0,0.0,,,0,low result,08:43
SANW,N/A,0.0,0.0,,,0,low result,08:43
RYB,N/A,0.0,0.0,,,0,low result,08:43
RWLK,N/A,0.0,0.0,,,0,low result,08:43
RVSB,N/A,0.0,0.0,,,0,no data,08:43
RYAM,N/A,0.0,0.0,,,0,low result,08:43
RSVR,N/A,0.0,0.0,,,0,no data,08:43
RSSS,N/A,0.0,0.0,,,0,low result,08:43
RXRA,N/A,0.0,0.0,,,0,no data,08:43
RSLS,N/A,0.0,0.0,,,0,spiked data,08:43
RVPH,N/A,0.0,0.0,,,0,low result,08:43
RNWK,N/A,0.0,0.0,,,0,low result,08:43
RPHM,N/A,0.0,0.0,,,0,low result,08:43
ROSS,N/A,0.0,0.0,,,0,low result,08:43
RNAZ,N/A,0.0,0.0,,,0,low result,08:43
ROT,N/A,0.0,0.0,,,0,low result,08:43
ROCR,N/A,0.0,0.0,,,0,no data,08:43
RRD,N/A,0.0,0.0,,,0,low result,08:43
RNGR,N/A,0.0,0.0,,,0,low result,08:43
RIBT,N/A,0.0,0.0,,,0,low result,08:43
RMTI,N/A,0.0,0.0,,,0,low result,08:43
RLGT,N/A,0.0,0.0,,,0,low result,08:43
RMGB,N/A,0.0,0.0,,,0,low result,08:43
RMCF,N/A,0.0,0.0,,,0,low result,08:43
RMED,N/A,0.0,0.0,,,0,low result,08:43
RKDA,N/A,0.0,0.0,,,0,low result,08:43
RKTA,N/A,0.0,0.0,,,0,no data,08:43
REPH,N/A,0.0,0.0,,,0,low result,08:43
RGLS,N/A,0.0,0.0,,,0,low result,08:43
REED,N/A,0.0,0.0,,,0,spiked data,08:43
REI,N/A,0.0,0.0,,,0,spiked data,08:43
REFR,N/A,0.0,0.0,,,0,spiked data,08:43
RELL,N/A,0.0,0.0,,,0,low result,08:43
RELI,N/A,0.0,0.0,,,0,low result,08:43
REDU,N/A,0.0,0.0,,,0,low result,08:43
REKR,N/A,0.0,0.0,,,0,low result,08:50
REAX,N/A,0.0,0.0,,,0,low result,08:50
RCHG,N/A,0.0,0.0,,,0,no data,08:50
RCRT,N/A,0.0,0.0,,,0,low result,08:50
RDI,N/A,0.0,0.0,,,0,low result,08:50
RCS,N/A,0.0,0.0,,,0,low result,08:50
RDHL,N/A,0.0,0.0,,,0,low result,08:50
RCMT,N/A,0.0,0.0,,,0,low result,08:50
RCLF,N/A,0.0,0.0,,,0,low result,08:43
RCON,N/A,0.0,0.0,,,0,low result,08:43
RCAT,N/A,0.0,0.0,,,0,low result,08:43
RAVE,N/A,0.0,0.0,,,0,low result,08:43
RBCN,N/A,0.0,0.0,,,0,no data,08:43
RAIL,N/A,0.0,0.0,,,0,low result,08:43
QUMU,N/A,0.0,0.0,,,0,low result,08:43
RACB,N/A,0.0,0.0,,,0,no data,08:43
RCG,N/A,0.0,0.0,,,0,low result,08:43
RAM,N/A,0.0,0.0,,,0,spiked data,08:43
QRHC,N/A,0.0,0.0,,,0,low result,08:43
QUBT,N/A,0.0,0.0,,,1,spiked data,08:43
QUIK,N/A,0.0,0.0,,,0,low result,08:43
QLI,N/A,0.0,0.0,,,0,no data,08:43
QMCO,N/A,0.0,0.0,,,0,low result,08:43
QTNT,N/A,0.0,0.0,,,0,low result,08:43
QUAD,N/A,0.0,0.0,,,0,low result,08:43
QTT,N/A,0.0,0.0,,,0,low result,08:43
QLGN,N/A,0.0,0.0,,,0,low result,08:43
QH,N/A,0.0,0.0,,,0,low result,08:43
QD,N/A,0.0,0.0,,,0,low result,08:43
PZG,N/A,0.0,0.0,,,0,low result,08:43
QK,N/A,0.0,0.0,,,0,low result,08:43
QFTA,N/A,0.0,0.0,,,0,no data,08:43
QIPT,N/A,0.0,0.0,,,0,low result,08:43
QELL,N/A,0.0,0.0,,,0,low result,08:43
PWFL,N/A,0.0,0.0,,,0,low result,08:43
PYPD,N/A,0.0,0.0,,,0,low result,08:43
PXS,N/A,0.0,0.0,,,0,low result,08:43
PUYI,N/A,0.0,0.0,,,0,no data,08:43
PULM,N/A,0.0,0.0,,,0,low result,08:43
PVL,N/A,0.0,0.0,,,0,low result,08:43
PUCK,N/A,0.0,0.0,,,0,low result,08:43
PXLW,N/A,0.0,0.0,,,0,low result,08:43
PTN,N/A,0.0,0.0,,,0,low result,08:43
PTK,N/A,0.0,0.0,,,0,low result,08:43
PTRS,N/A,0.0,0.0,,,0,no data,08:43
PTMN,N/A,0.0,0.0,,,0,low result,08:43
PTOC,N/A,0.0,0.0,,,0,no data,08:43
PTPI,N/A,0.0,0.0,,,0,no data,08:43
PTIC,N/A,0.0,0.0,,,0,no data,08:43
PTIX,N/A,0.0,0.0,,,0,low result,08:43
PTE,N/A,0.0,0.0,,,0,spiked data,08:43
PSTI,N/A,0.0,0.0,,,0,low result,08:43
PT,N/A,0.0,0.0,,,0,low result,08:43
PSTX,N/A,0.0,0.0,,,0,low result,08:43
PSTV,N/A,0.0,0.0,,,0,low result,08:43
PSPC,N/A,0.0,0.0,,,0,no data,08:43
PSAG,N/A,0.0,0.0,,,0,no data,08:43
PSHG,N/A,0.0,0.0,,,0,low result,08:43
PRPH,N/A,0.0,0.0,,,0,spiked data,08:43
PRTK,N/A,0.0,0.0,,,0,low result,08:43
PRPO,N/A,0.0,0.0,,,0,low result,08:43
PRTH,N/A,0.0,0.0,,,0,low result,08:43
PRQR,N/A,0.0,0.0,,,0,low result,08:43
PRT,N/A,0.0,0.0,,,0,low result,08:43
PRSR,N/A,0.0,0.0,,,0,no data,08:43
PRFX,N/A,0.0,0.0,,,0,low result,08:43
PPBT,N/A,0.0,0.0,,,0,spiked data,08:43
PPIH,N/A,0.0,0.0,,,0,low result,08:43
PPT,N/A,0.0,0.0,,,0,spiked data,08:43
PROG,N/A,0.0,0.0,,,0,low result,08:43
PPSI,N/A,0.0,0.0,,,0,low result,08:43
PPTA,N/A,0.0,0.0,,,0,low result,08:44
PPGH,N/A,0.0,0.0,,,0,no data,08:44
PNT,N/A,0.0,0.0,,,0,low result,08:44
POLA,N/A,0.0,0.0,,,0,low result,08:44
POND,N/A,0.0,0.0,,,0,low result,08:44
POAI,N/A,0.0,0.0,,,0,low result,08:44
POW,N/A,0.0,0.0,,,0,spiked data,08:44
PNBK,N/A,0.0,0.0,,,0,low result,08:44
PNNT,N/A,0.0,0.0,,,0,low result,08:44
PMVC,N/A,0.0,0.0,,,0,no data,08:44
PLMI,N/A,0.0,0.0,,,0,no data,08:44
PLM,N/A,0.0,0.0,,,0,low result,08:44
PME,N/A,0.0,0.0,,,0,low result,08:44
PMD,N/A,0.0,0.0,,,0,low result,08:44
PIRS,N/A,0.0,0.0,,,0,low result,08:44
PICC,N/A,0.0,0.0,,,0,no data,08:44
PIAI,N/A,0.0,0.0,,,0,no data,08:44
PIXY,N/A,0.0,0.0,,,0,low result,08:44
PIM,N/A,0.0,0.0,,,0,spiked data,08:44
PLAG,N/A,0.0,0.0,,,0,low result,08:44
PIPP,N/A,0.0,0.0,,,0,low result,08:44
PLG,N/A,0.0,0.0,,,0,low result,08:44
PHT,N/A,0.0,0.0,,,0,low result,08:44
PHCF,N/A,0.0,0.0,,,0,low result,08:44
PHGE,N/A,0.0,0.0,,,0,low result,08:44
PHIO,N/A,0.0,0.0,,,0,low result,08:44
PHUN,N/A,0.0,2.028,,,1,low result,08:41
PHAS,N/A,0.0,0.0,,,0,low result,08:44
PHIC,N/A,0.0,0.0,,,0,no data,08:44
PHX,N/A,0.0,0.0,,,0,spiked data,08:44
PFMT,N/A,0.0,0.0,,,0,low result,08:44
PETZ,N/A,0.0,0.0,,,0,low result,08:44
PGRW,N/A,0.0,0.0,,,0,no data,08:44
PESI,N/A,0.0,0.0,,,0,low result,08:44
PFDR,N/A,0.0,0.0,,,0,no data,08:44
PFIE,N/A,0.0,0.0,,,0,low result,08:44
PFIN,N/A,0.0,0.0,,,0,low result,08:44
PEI,N/A,0.0,0.0,,,0,low result,08:44
PCTI,N/A,0.0,0.0,,,0,low result,08:44
PDAC,N/A,0.0,0.0,,,0,spiked data,08:44
PCYG,N/A,0.0,0.0,,,0,low result,08:44
PED,N/A,0.0,0.0,,,0,low result,08:50
PCF,N/A,0.0,0.0,,,0,low result,08:50
PCK,N/A,0.0,0.0,,,0,low result,08:50
PDOT,N/A,0.0,0.0,,,0,no data,08:50
PCSA,N/A,0.0,0.0,,,0,low result,08:50
PBPB,N/A,0.0,0.0,,,0,low result,08:50
PBT,N/A,0.0,0.0,,,0,low result,08:50
PBYI,N/A,0.0,0.0,,,0,low result,08:50
PANL,N/A,0.0,0.0,,,0,low result,08:44
PAYS,N/A,0.0,0.0,,,0,low result,08:44
PAQC,N/A,0.0,0.0,,,0,no data,08:44
PBLA,N/A,0.0,0.0,,,0,low result,08:44
PANA,N/A,0.0,0.0,,,0,low result,08:44
OXBR,N/A,0.0,0.0,,,0,low result,08:44
PACX,N/A,0.0,0.0,,,0,low result,08:44
OTIC,N/A,0.0,0.0,,,0,low result,08:44
OTLK,N/A,0.0,0.0,,,0,spiked data,08:44
OVID,N/A,0.0,0.0,,,0,low result,08:44
OXSQ,N/A,0.0,0.0,,,0,low result,08:44
PALI,N/A,0.0,0.0,,,0,low result,08:44
OSTR,N/A,0.0,0.0,,,0,no data,08:44
OSAT,N/A,0.0,0.0,,,1,low result,08:44
OSI,N/A,0.0,0.0,,,0,low result,08:44
OSN,N/A,0.0,0.0,,,0,no data,08:44
ORTX,N/A,0.0,0.0,,,0,spiked data,08:44
OSG,N/A,0.0,0.0,,,0,low result,08:44
OSS,N/A,0.0,0.0,,,0,low result,08:44
OSMT,N/A,0.0,0.0,,,0,low result,08:44
OPTT,N/A,0.0,0.0,,,0,spiked data,08:44
OPTN,N/A,0.0,0.0,,,0,low result,08:44
ORN,N/A,0.0,0.0,,,0,low result,08:44
ORGS,N/A,0.0,0.0,,,0,spiked data,08:44
OPT,N/A,0.0,0.0,,,0,low result,08:44
ORIA,N/A,0.0,0.0,,,0,no data,08:44
OPHC,N/A,0.0,0.0,,,0,low result,08:44
ONDS,N/A,0.0,0.0,,,0,low result,08:44
ONCT,N/A,0.0,3.681,,,1,front zeros,08:41
OPA,N/A,0.0,0.0,,,0,low result,08:44
ONVO,N/A,0.0,0.0,,,0,low result,08:44
OPGN,N/A,0.0,0.0,,,0,spiked data,08:44
ONE,N/A,0.0,0.0,,,0,low result,08:44
ONCY,N/A,0.0,0.0,,,0,low result,08:44
ONTX,N/A,0.0,0.0,,,0,low result,08:44
OMEG,N/A,0.0,0.0,,,0,low result,08:44
OGEN,N/A,0.0,0.0,,,0,front zeros,08:44
OIIM,N/A,0.0,0.0,,,0,low result,08:44
OIA,N/A,0.0,0.0,,,0,low result,08:44
OLB,N/A,0.0,0.0,,,0,low result,08:44
OMEX,N/A,0.0,0.0,,,0,low result,08:44
ONCS,N/A,0.0,0.0,,,0,low result,08:44
OIS,N/A,0.0,0.0,,,0,low result,08:44
ODT,N/A,0.0,0.0,,,0,low result,08:44
OESX,N/A,0.0,0.0,,,0,low result,08:44
OG,N/A,0.0,0.0,,,0,spiked data,08:44
OFS,N/A,0.0,0.0,,,0,low result,08:44
OEPW,N/A,0.0,0.0,,,0,no data,08:44
OCUP,N/A,0.0,0.0,,,0,low result,08:44
OCX,N/A,0.0,0.0,,,0,low result,08:44
OEG,N/A,0.0,0.0,,,0,spiked data,08:44
OBLG,N/A,0.0,0.0,,,0,low result,08:44
OCC,N/A,0.0,0.0,,,0,low result,08:44
OCAX,N/A,0.0,0.0,,,0,no data,08:44
NYMX,N/A,0.0,0.0,,,0,low result,08:44
OCG,N/A,0.0,0.0,,,0,low result,08:44
OACB,N/A,0.0,0.0,,,0,no data,08:44
OBSV,N/A,0.0,2.653,,,1,low result,08:41
OCA,N/A,0.0,0.0,,,0,low result,08:44
NXTC,N/A,0.0,0.0,,,0,low result,08:44
NXU,N/A,0.0,0.0,,,0,no data,08:44
NVOS,N/A,0.0,0.0,,,0,low result,08:44
NXTP,N/A,0.0,0.0,,,0,low result,08:44
NWHM,N/A,0.0,0.0,,,0,low result,08:44
NXTD,N/A,0.0,0.0,,,0,spiked data,08:44
NVIV,N/A,0.0,0.0,,,0,low result,08:44
NVSA,N/A,0.0,0.0,,,0,no data,08:44
NTIP,N/A,0.0,0.0,,,0,low result,08:44
NTWK,N/A,0.0,0.0,,,0,low result,08:44
NUZE,N/A,0.0,0.0,,,0,low result,08:44
NSTC,N/A,0.0,0.0,,,0,no data,08:44
NVFY,N/A,0.0,0.0,,,0,low result,08:44
NSTD,N/A,0.0,0.0,,,0,no data,08:44
NUWE,N/A,0.0,0.0,,,0,low result,08:44
NVCN,N/A,0.0,0.0,,,0,low result,08:44
NSTB,N/A,0.0,0.0,,,0,low result,08:44
NRBO,N/A,0.0,0.0,,,0,low result,08:44
NSL,N/A,0.0,0.0,,,0,low result,08:44
NRAC,N/A,0.0,0.0,,,0,no data,08:44
NRT,N/A,0.0,0.0,,,0,low result,08:44
NSPR,N/A,0.0,0.0,,,0,low result,08:44
NSH,N/A,0.0,0.0,,,0,low result,08:44
NRO,N/A,0.0,0.0,,,0,too many zeros,08:44
NMTR,N/A,0.0,0.0,,,0,spiked data,08:44
NR,N/A,0.0,0.0,,,0,low result,08:44
NNA,N/A,0.0,0.0,,,0,low result,08:44
NNBR,N/A,0.0,0.0,,,0,low result,08:44
NNVC,N/A,0.0,0.0,,,0,low result,08:44
NPTN,N/A,0.0,0.0,,,0,low result,08:44
NOAC,N/A,0.0,0.0,,,0,no data,08:50
NLSP,N/A,0.0,0.0,,,0,low result,08:50
NMTC,N/A,0.0,0.0,,,0,low result,08:50
NM,N/A,0.0,0.0,,,0,low result,08:50
NMRD,N/A,0.0,0.0,,,0,low result,08:50
NML,N/A,0.0,0.0,,,0,low result,08:50
NMG,N/A,0.0,0.0,,,0,low result,08:50
NLTX,N/A,0.0,0.0,,,0,no data,08:50
NMMC,N/A,0.0,0.0,,,0,no data,08:45
NISN,N/A,0.0,0.0,,,0,low result,08:45
NINE,N/A,0.0,0.0,,,0,low result,08:45
NGCA,N/A,0.0,0.0,,,0,low result,08:45
NGS,N/A,0.0,0.0,,,0,spiked data,08:45
NL,N/A,0.0,0.0,,,0,low result,08:45
NH,N/A,0.0,0.0,,,0,front zeros,08:45
NGL,N/A,0.0,0.0,,,0,low result,08:45
NHTC,N/A,0.0,0.0,,,0,low result,08:45
NGC,N/A,0.0,0.0,,,0,low result,08:45
NERV,N/A,0.0,0.0,,,0,low result,08:45
NDAC,N/A,0.0,0.0,,,0,no data,08:45
NEON,N/A,0.0,0.0,,,0,low result,08:45
NCMI,N/A,0.0,0.0,,,0,low result,08:45
NCZ,N/A,0.0,0.0,,,0,low result,08:45
NCNA,N/A,0.0,0.0,,,0,low result,08:45
NDRA,N/A,0.0,0.0,,,0,spiked data,08:45
NBY,N/A,0.0,0.0,,,0,low result,08:45
NBST,N/A,0.0,0.0,,,0,no data,08:45
NBSE,N/A,0.0,0.0,,,0,low result,08:45
NBEV,N/A,0.0,0.0,,,0,spiked data,08:45
NAVB,N/A,0.0,0.0,,,0,low result,08:45
NAT,N/A,0.0,5.701,,,1,spiked data,08:41
MVO,N/A,0.0,0.0,,,0,low result,08:45
MYO,N/A,0.0,0.0,,,0,low result,08:45
MTR,N/A,0.0,0.0,,,0,low result,08:45
NAAC,N/A,0.0,0.0,,,0,no data,08:45
MYMD,N/A,0.0,0.0,,,0,low result,08:45
MYSZ,N/A,0.0,0.0,,,0,low result,08:45
MXC,N/A,0.0,0.0,,,0,low result,08:45
MTP,N/A,0.0,0.0,,,0,low result,08:45
MTBC,N/A,0.0,0.0,,,0,low result,08:45
MTNB,N/A,0.0,0.0,,,0,low result,08:45
MTAC,N/A,0.0,0.0,,,0,low result,08:45
MTEM,N/A,0.0,0.0,,,0,low result,08:45
MSN,N/A,0.0,1.396,,,0,low result,08:41
MTC,N/A,0.0,0.0,,,0,low result,08:45
MTCR,N/A,0.0,0.0,,,0,low result,08:45
MTA,N/A,0.0,0.0,,,0,low result,08:45
MREO,N/A,0.0,0.0,,,0,low result,08:45
MSD,N/A,0.0,0.0,,,0,low result,08:45
MSAC,N/A,0.0,0.0,,,0,no data,08:45
MRAM,N/A,0.0,0.0,,,0,low result,08:45
MRKR,N/A,0.0,0.0,,,0,low result,08:45
MRAC,N/A,0.0,0.0,,,0,no data,08:45
MRM,N/A,0.0,0.0,,,0,low result,08:45
MPAC,N/A,0.0,0.0,,,0,low result,08:45
MOHO,N/A,0.0,0.0,,,0,low result,08:45
MOGU,N/A,0.0,0.0,,,0,low result,08:45
MOSY,N/A,0.0,0.0,,,0,low result,08:45
MOTN,N/A,0.0,0.0,,,0,low result,08:45
MOVE,N/A,0.0,0.0,,,0,low result,08:45
MOTS,N/A,0.0,0.0,,,0,spiked data,08:45
MON,N/A,0.0,0.0,,,0,low result,08:45
MMMB,N/A,0.0,0.0,,,0,low result,08:45
MNDO,N/A,0.0,0.0,,,0,low result,08:45
MN,N/A,0.0,0.0,,,0,low result,08:45
MOGO,N/A,0.0,0.0,,,0,low result,08:45
MNPR,N/A,0.0,0.0,,,0,low result,08:45
MNTX,N/A,0.0,0.0,,,0,low result,08:45
MNOV,N/A,0.0,0.0,,,0,low result,08:45
MMT,N/A,0.0,0.0,,,0,low result,08:45
MITQ,N/A,0.0,0.0,,,0,low result,08:45
MLAC,N/A,0.0,0.0,,,0,low result,08:45
MMLP,N/A,0.0,0.0,,,0,low result,08:45
MLSS,N/A,0.0,0.0,,,0,low result,08:45
MKTY,N/A,0.0,0.0,,,0,low result,08:45
MITC,N/A,0.0,0.0,,,0,spiked data,08:45
MKD,N/A,0.0,0.0,,,0,low result,08:45
MITO,N/A,0.0,0.0,,,0,low result,08:45
MHLD,N/A,0.0,0.0,,,0,low result,08:45
MINM,N/A,0.0,0.0,,,0,low result,08:45
MHF,N/A,0.0,0.0,,,0,no data,08:45
MIST,N/A,0.0,0.0,,,0,spiked data,08:45
MICT,N/A,0.0,0.0,,,0,spiked data,08:45
MIND,N/A,0.0,0.0,,,0,low result,08:45
MIN,N/A,0.0,0.0,,,0,spiked data,08:45
MGTA,N/A,0.0,0.0,,,0,low result,08:45
MFV,N/A,0.0,0.0,,,0,no data,08:45
MFIN,N/A,0.0,0.0,,,0,low result,08:45
MGF,N/A,0.0,0.0,,,0,low result,08:45
METC,N/A,0.0,0.0,,,0,low result,08:45
METX,N/A,0.0,0.0,,,0,low result,08:45
MFD,N/A,0.0,0.0,,,0,spiked data,08:45
MFH,N/A,0.0,0.0,,,0,low result,08:45
MFM,N/A,0.0,0.0,,,0,low result,08:45
MDVL,N/A,0.0,0.0,,,0,low result,08:45
MEDS,N/A,0.0,0.0,,,0,spiked data,08:45
MDRR,N/A,0.0,0.0,,,0,low result,08:45
MDWD,N/A,0.0,0.0,,,0,spiked data,08:45
MESA,N/A,0.0,0.0,,,0,low result,08:45
MDNA,N/A,0.0,0.0,,,0,spiked data,08:45
MDJH,N/A,0.0,0.0,,,0,low result,08:45
MEIP,N/A,0.0,0.0,,,0,low result,08:45
MCMJ,N/A,0.0,0.0,,,0,low result,08:50
MDGS,N/A,0.0,0.0,,,0,low result,08:50
MCHX,N/A,0.0,0.0,,,0,low result,08:50
MDH,N/A,0.0,0.0,,,0,low result,08:50
MCR,N/A,0.0,0.0,,,0,low result,08:50
MDIA,N/A,0.0,0.0,,,0,low result,08:50
MCBC,N/A,0.0,0.0,,,0,low result,08:50
MCN,N/A,0.0,0.0,,,0,low result,08:50
MBIO,N/A,0.0,0.0,,,0,low result,08:45
MCAD,N/A,0.0,0.0,,,0,low result,08:45
MBRX,N/A,0.0,0.0,,,0,spiked data,08:45
MBII,N/A,0.0,0.0,,,0,low result,08:45
MBOT,N/A,0.0,0.0,,,0,low result,08:45
MCAE,N/A,0.0,0.0,,,0,no data,08:45
MCAF,N/A,0.0,0.0,,,0,no data,08:45
MBTC,N/A,0.0,0.0,,,0,low result,08:45
MARK,N/A,0.0,1.381,,,0,low result,08:41
MACA,N/A,0.0,0.0,,,0,low result,08:45
MACQ,N/A,0.0,0.0,,,0,low result,08:45
MAGS,N/A,0.0,0.0,,,0,spiked data,08:45
MACC,N/A,0.0,0.0,,,0,no data,08:45
MARPS,N/A,0.0,0.0,,,0,low result,08:45
MAQC,N/A,0.0,0.0,,,0,no data,08:45
MACK,N/A,0.0,0.0,,,0,low result,08:45
LXU,N/A,0.0,0.0,,,0,spiked data,08:45
LVTX,N/A,0.0,0.0,,,0,low result,08:45
LXEH,N/A,0.0,0.0,,,0,no data,08:45
LYRA,N/A,0.0,0.0,,,0,low result,08:45
LWAC,N/A,0.0,0.0,,,0,low result,08:45
LYTS,N/A,0.0,0.0,,,0,low result,08:45
LYL,N/A,0.0,0.0,,,0,low result,08:45
LWAY,N/A,0.0,0.0,,,0,low result,08:45
LUMO,N/A,0.0,0.0,,,0,low result,08:45
LSEA,N/A,0.0,0.0,,,0,no data,08:45
LTRPA,N/A,0.0,0.0,,,0,no data,08:45
LVRA,N/A,0.0,0.0,,,0,no data,08:45
LUXA,N/A,0.0,0.0,,,0,low result,08:45
LTBR,N/A,0.0,0.0,,,0,low result,08:45
LTRX,N/A,0.0,0.0,,,0,low result,08:45
LSAQ,N/A,0.0,0.0,,,0,no data,08:45
LQDA,N/A,0.0,0.0,,,0,low result,08:45
LPTH,N/A,0.0,0.0,,,0,low result,08:45
LOGC,N/A,0.0,0.0,,,0,low result,08:45
LPCN,N/A,0.0,0.0,,,0,low result,08:45
LPTX,N/A,0.0,0.0,,,0,low result,08:45
LOKB,N/A,0.0,0.0,,,0,low result,08:45
LOV,N/A,0.0,0.0,,,0,low result,08:45
LODE,N/A,0.0,0.0,,,0,low result,08:45
LND,N/A,0.0,0.0,,,0,low result,08:45
LMFA,N/A,0.0,0.0,,,0,low result,08:45
LMB,N/A,0.0,0.0,,,0,low result,08:45
LNFA,N/A,0.0,0.0,,,0,no data,08:45
LOAN,N/A,0.0,0.0,,,0,low result,08:45
LNSR,N/A,0.0,0.0,,,0,no data,08:45
LMNL,N/A,0.0,0.0,,,0,low result,08:45
LMAO,N/A,0.0,0.0,,,0,low result,08:45
LIZI,N/A,0.0,0.0,,,0,spiked data,08:45
LLNW,N/A,0.0,0.0,,,0,low result,08:45
LIVX,N/A,0.0,0.0,,,0,low result,08:45
LIXT,N/A,0.0,0.0,,,0,low result,08:45
LJPC,N/A,0.0,0.0,,,0,low result,08:45
LJAQ,N/A,0.0,0.0,,,0,no data,08:45
LINK,N/A,0.0,0.0,,,0,spiked data,08:45
LIFE,N/A,0.0,0.0,,,0,low result,08:45
LINC,N/A,0.0,0.0,,,0,low result,08:45
LITB,N/A,0.0,0.0,,,0,low result,08:45
LIII,N/A,0.0,0.0,,,0,no data,08:45
LHDX,N/A,0.0,0.0,,,0,low result,08:45
LIQT,N/A,0.0,0.0,,,0,low result,08:45
LHC,N/A,0.0,0.0,,,0,low result,08:45
LGHL,N/A,0.0,0.0,,,0,spiked data,08:45
LGVN,N/A,0.0,0.0,,,0,spiked data,08:45
LFT,N/A,0.0,0.0,,,0,low result,08:45
LEXX,N/A,0.0,0.0,,,0,spiked data,08:45
LHAA,N/A,0.0,0.0,,,0,no data,08:45
LFVN,N/A,0.0,0.0,,,0,low result,08:45
LFTR,N/A,0.0,0.0,,,0,low result,08:45
LCTX,N/A,0.0,0.0,,,0,low result,08:45
LCI,N/A,0.0,0.0,,,0,spiked data,08:45
LEJU,N/A,0.0,0.0,,,0,low result,08:45
LEDS,N/A,0.0,0.0,,,0,spiked data,08:45
LDHA,N/A,0.0,0.0,,,0,no data,08:45
LCAP,N/A,0.0,0.0,,,0,no data,08:45
LBPS,N/A,0.0,0.0,,,0,low result,08:45
LEGA,N/A,0.0,0.0,,,0,low result,08:45
KURI,N/A,0.0,0.0,,,0,low result,08:45
KXIN,N/A,0.0,0.0,,,0,spiked data,08:45
LAIX,N/A,0.0,0.0,,,0,low result,08:45
KVSA,N/A,0.0,0.0,,,0,low result,08:45
KZR,N/A,0.0,0.0,,,0,low result,08:45
LBPH,N/A,0.0,0.0,,,0,no data,08:45
LAAA,N/A,0.0,0.0,,,0,no data,08:45
KZIA,N/A,0.0,0.0,,,0,low result,08:45
KULR,N/A,0.0,0.0,,,0,low result,08:45
KUKE,N/A,0.0,0.0,,,0,low result,08:45
KTCC,N/A,0.0,0.0,,,0,low result,08:50
KSMT,N/A,0.0,0.0,,,0,low result,08:50
KRMD,N/A,0.0,0.0,,,0,low result,08:50
KRNL,N/A,0.0,0.0,,,0,low result,08:50
KTRA,N/A,0.0,0.0,,,0,low result,08:50
KSI,N/A,0.0,0.0,,,0,low result,08:50
KOR,N/A,0.0,0.0,,,0,low result,08:50
KMPH,N/A,0.0,0.0,,,0,spiked data,08:50
KRKR,N/A,0.0,0.0,,,0,low result,08:46
KMDA,N/A,0.0,0.0,,,0,spiked data,08:46
KNDI,N/A,0.0,0.0,,,0,low result,08:46
KRBP,N/A,0.0,0.0,,,0,low result,08:46
KMF,N/A,0.0,0.0,,,0,low result,08:46
KLXE,N/A,0.0,0.0,,,0,spiked data,08:46
KLR,N/A,0.0,0.0,,,0,spiked data,08:46
KIII,N/A,0.0,0.0,,,0,no data,08:46
KIQ,N/A,0.0,0.0,,,0,low result,08:46
KINZ,N/A,0.0,0.0,,,0,no data,08:46
KINS,N/A,0.0,0.0,,,0,low result,08:46
KIN,N/A,0.0,0.0,,,0,low result,08:46
KLDO,N/A,0.0,0.0,,,0,low result,08:46
KLAQ,N/A,0.0,0.0,,,0,no data,08:46
KERN,N/A,0.0,0.0,,,0,low result,08:46
KFS,N/A,0.0,0.0,,,0,low result,08:46
KALA,N/A,0.0,0.0,,,0,low result,08:46
KAVL,N/A,0.0,0.0,,,0,low result,08:46
KBSF,N/A,0.0,0.0,,,0,low result,08:46
KFFB,N/A,0.0,0.0,,,0,low result,08:46
KBNT,N/A,0.0,0.0,,,0,low result,08:46
KCAC,N/A,0.0,0.0,,,0,low result,08:46
JVA,N/A,0.0,0.0,,,0,low result,08:46
KAII,N/A,0.0,0.0,,,0,no data,08:46
KAIR,N/A,0.0,0.0,,,0,no data,08:46
JYAC,N/A,0.0,0.0,,,0,no data,08:46
JZXN,N/A,0.0,0.0,,,0,low result,08:46
JWEL,N/A,0.0,0.0,,,0,low result,08:46
JT,N/A,0.0,0.0,,,0,low result,08:46
JP,N/A,0.0,0.0,,,0,low result,08:46
JOFF,N/A,0.0,0.0,,,0,no data,08:46
JRSH,N/A,0.0,0.0,,,0,low result,08:46
JNCE,N/A,0.0,0.0,,,0,low result,08:46
JOB,N/A,0.0,0.0,,,0,spiked data,08:46
JRO,N/A,0.0,0.0,,,0,no data,08:46
JRJC,N/A,0.0,0.0,,,0,low result,08:46
JOF,N/A,0.0,0.0,,,0,no data,08:46
JFIN,N/A,0.0,0.0,,,0,low result,08:46
JG,N/A,0.0,0.0,,,0,low result,08:46
JEMD,N/A,0.0,0.0,,,0,no data,08:46
JFU,N/A,0.0,0.0,,,0,low result,08:46
JMM,N/A,0.0,0.0,,,0,low result,08:46
JEQ,N/A,0.0,0.0,,,0,no data,08:46
JHAA,N/A,0.0,0.0,,,0,no data,08:46
JMP,N/A,0.0,0.0,,,0,low result,08:46
IVAN,N/A,0.0,0.0,,,0,low result,08:46
JCO,N/A,0.0,0.0,,,0,low result,08:46
JCS,N/A,0.0,0.0,,,0,low result,08:46
JCIC,N/A,0.0,0.0,,,0,no data,08:46
IVC,N/A,0.0,0.0,,,0,low result,08:46
JAN,N/A,0.0,0.0,,,0,spiked data,08:46
IZEA,N/A,0.0,0.0,,,0,low result,08:46
ITP,N/A,0.0,0.0,,,0,spiked data,08:46
ISUN,N/A,0.0,0.0,,,0,low result,08:46
ITRG,N/A,0.0,0.0,,,0,low result,08:46
ITRM,N/A,0.0,0.0,,,0,spiked data,08:46
ISSC,N/A,0.0,0.0,,,0,low result,08:46
ITI,N/A,0.0,0.0,,,0,low result,08:46
IVAC,N/A,0.0,0.0,,,0,low result,08:46
ITHX,N/A,0.0,0.0,,,0,no data,08:46
ISR,N/A,0.0,0.0,,,0,low result,08:46
ISOS,N/A,0.0,0.0,,,0,low result,08:46
ISLE,N/A,0.0,0.0,,,0,spiked data,08:46
ISIG,N/A,0.0,0.0,,,0,no data,08:46
IRS,N/A,0.0,0.0,,,0,low result,08:46
ISAA,N/A,0.0,0.0,,,0,no data,08:46
ISPC,N/A,0.0,0.0,,,0,low result,08:46
IRIX,N/A,0.0,0.0,,,0,spiked data,08:46
IPHA,N/A,0.0,0.0,,,0,low result,08:46
IPDN,N/A,0.0,0.0,,,0,low result,08:46
INVO,N/A,0.0,0.0,,,0,low result,08:46
IPW,N/A,0.0,0.0,,,0,low result,08:46
IPA,N/A,0.0,0.0,,,0,low result,08:46
IPVA,N/A,0.0,0.0,,,0,no data,08:46
IO,N/A,0.0,0.0,,,0,low result,08:46
IPVI,N/A,0.0,0.0,,,0,no data,08:46
INTZ,N/A,0.0,0.0,,,0,low result,08:46
INUV,N/A,0.0,0.0,,,0,spiked data,08:46
INPX,N/A,0.0,0.0,,,0,low result,08:46
INM,N/A,0.0,0.0,,,0,low result,08:46
INFI,N/A,0.0,0.0,,,0,low result,08:46
INOD,N/A,0.0,0.0,,,0,low result,08:46
INDO,N/A,0.0,0.0,,,0,low result,08:46
INKA,N/A,0.0,0.0,,,0,low result,08:46
IMUX,N/A,0.0,0.0,,,0,low result,08:46
IMMR,N/A,0.0,0.0,,,0,low result,08:46
IMTE,N/A,0.0,0.0,,,0,low result,08:46
IMV,N/A,0.0,0.0,,,0,low result,08:46
IMPX,N/A,0.0,0.0,,,0,no data,08:50
IMH,N/A,0.0,0.0,,,0,low result,08:50
IMRA,N/A,0.0,0.0,,,0,low result,08:50
IMMP,N/A,0.0,0.0,,,0,low result,08:50
IMAC,N/A,0.0,0.0,,,0,low result,08:50
III,N/A,0.0,0.0,,,0,low result,08:50
IMBI,N/A,0.0,0.0,,,0,low result,08:50
IINN,N/A,0.0,0.0,,,0,low result,08:50
IIII,N/A,0.0,0.0,,,0,no data,08:46
IKT,N/A,0.0,0.0,,,0,low result,08:46
IIAC,N/A,0.0,0.0,,,0,no data,08:46
IMCC,N/A,0.0,0.0,,,0,low result,08:46
IH,N/A,0.0,0.0,,,0,low result,08:46
IHT,N/A,0.0,0.0,,,0,low result,08:46
IHD,N/A,0.0,0.0,,,0,no data,08:46
IHTA,N/A,0.0,0.0,,,0,no data,08:46
IHIT,N/A,0.0,0.0,,,0,no data,08:46
IGIC,N/A,0.0,0.0,,,0,no data,08:46
IGNY,N/A,0.0,0.0,,,0,no data,08:46
IGC,N/A,0.0,0.0,,,0,low result,08:46
IFRX,N/A,0.0,0.0,,,0,low result,08:46
IDN,N/A,0.0,0.0,,,0,low result,08:46
IGAC,N/A,0.0,0.0,,,0,low result,08:46
IGA,N/A,0.0,0.0,,,0,low result,08:46
IFBD,N/A,0.0,0.0,,,0,low result,08:46
IFMK,N/A,0.0,0.0,,,0,low result,08:46
IDRA,N/A,0.0,0.0,,,0,low result,08:46
IBER,N/A,0.0,0.0,,,0,no data,08:46
IBIO,N/A,0.0,0.0,,,0,spiked data,08:46
ICCC,N/A,0.0,0.0,,,0,low result,08:46
HYW,N/A,0.0,0.0,,,0,low result,08:46
IAE,N/A,0.0,0.0,,,0,low result,08:46
IACB,N/A,0.0,0.0,,,0,no data,08:46
HYMC,N/A,0.0,0.0,,,0,low result,08:46
IACC,N/A,0.0,0.0,,,0,no data,08:46
HZN,N/A,0.0,0.0,,,0,low result,08:46
HYB,N/A,0.0,0.0,,,0,low result,08:46
HYAC,N/A,0.0,0.0,,,0,no data,08:46
HUSA,N/A,0.0,0.0,,,0,low result,08:46
HTY,N/A,0.0,0.0,,,0,no data,08:46
HUSN,N/A,0.0,0.0,,,0,low result,08:46
HUGE,N/A,0.0,0.0,,,0,spiked data,08:46
HUGS,N/A,0.0,0.0,,,0,low result,08:46
HX,N/A,0.0,0.0,,,0,low result,08:46
HUIZ,N/A,0.0,0.0,,,0,no data,08:46
HUDI,N/A,0.0,0.0,,,0,no data,08:46
HTBX,N/A,0.0,0.0,,,0,low result,08:46
HROW,N/A,0.0,0.0,,,0,low result,08:46
HT,N/A,0.0,0.0,,,0,low result,08:46
HSAQ,N/A,0.0,0.0,,,0,no data,08:46
HRTG,N/A,0.0,0.0,,,0,no data,08:46
HTPA,N/A,0.0,0.0,,,0,no data,08:46
HSTO,N/A,0.0,0.0,,,0,low result,08:46
HTGM,N/A,0.0,0.0,,,0,spiked data,08:46
HNNA,N/A,0.0,0.0,,,0,low result,08:46
HNRG,N/A,0.0,0.0,,,0,low result,08:46
HOOK,N/A,0.0,0.0,,,0,spiked data,08:46
HOFV,N/A,0.0,1.04,,,0,spiked data,08:41
HPX,N/A,0.0,0.0,,,0,no data,08:46
HOTH,N/A,0.0,0.0,,,0,spiked data,08:46
HMLP,N/A,0.0,0.0,,,0,low result,08:46
HMCO,N/A,0.0,0.0,,,0,no data,08:46
HIX,N/A,0.0,0.0,,,0,low result,08:46
HIO,N/A,0.0,0.0,,,0,low result,08:46
HJLI,N/A,0.0,0.0,,,0,low result,08:46
HIHO,N/A,0.0,0.0,,,0,low result,08:46
HIL,N/A,0.0,0.0,,,0,low result,08:46
HLXA,N/A,0.0,0.0,,,0,low result,08:46
HLAH,N/A,0.0,0.0,,,0,no data,08:46
HGBL,N/A,0.0,0.0,,,0,low result,08:46
HFFG,N/A,0.0,0.0,,,0,low result,08:46
HIGA,N/A,0.0,0.0,,,0,low result,08:46
HGLB,N/A,0.0,0.0,,,0,low result,08:46
HGSH,N/A,0.0,0.0,,,0,low result,08:46
HDSN,N/A,0.0,0.0,,,0,low result,08:46
HCWB,N/A,0.0,0.0,,,0,low result,08:46
HEPA,N/A,0.0,0.0,,,1,low result,08:46
HCCC,N/A,0.0,0.0,,,0,low result,08:46
HCHC,N/A,0.0,0.0,,,0,spiked data,08:46
HCDI,N/A,0.0,0.0,,,0,low result,08:46
HCAR,N/A,0.0,0.0,,,0,no data,08:46
HCII,N/A,0.0,0.0,,,0,no data,08:46
HCAQ,N/A,0.0,0.0,,,0,low result,08:46
HCIC,N/A,0.0,0.0,,,0,low result,08:46
HBP,N/A,0.0,0.0,,,0,spiked data,08:46
GVP,N/A,0.0,0.0,,,0,low result,08:46
GWGH,N/A,0.0,0.0,,,0,low result,08:46
HAPP,N/A,0.0,0.0,,,0,low result,08:46
HARP,N/A,0.0,0.0,,,0,spiked data,08:46
HALL,N/A,0.0,0.0,,,0,spiked data,08:46
HBIO,N/A,0.0,0.0,,,0,low result,08:46
GXII,N/A,0.0,0.0,,,0,no data,08:46
GWAC,N/A,0.0,0.0,,,0,low result,08:46
GTE,N/A,0.0,0.0,,,0,spiked data,08:46
GUT,N/A,0.0,0.0,,,0,low result,08:46
GTYH,N/A,0.0,0.0,,,0,low result,08:46
GTPA,N/A,0.0,0.0,,,0,no data,08:46
GURE,N/A,0.0,0.0,,,0,too many zeros,08:46
GTIM,N/A,0.0,0.0,,,0,spiked data,08:46
GTEC,N/A,0.0,0.0,,,0,low result,08:46
GSQD,N/A,0.0,0.0,,,0,no data,08:46
GSS,N/A,0.0,0.0,,,0,low result,08:46
GSV,N/A,0.0,0.0,,,0,low result,08:46
GSMG,N/A,0.0,0.0,,,0,low result,08:46
GSIT,N/A,0.0,0.0,,,0,low result,08:46
GSAQ,N/A,0.0,0.0,,,0,no data,08:46
GRTX,N/A,0.0,0.0,,,0,low result,08:46
GRVI,N/A,0.0,0.0,,,0,spiked data,08:46
GRAY,N/A,0.0,0.0,,,0,low result,08:46
GROY,N/A,0.0,0.0,,,0,low result,08:46
GROW,N/A,0.0,0.0,,,0,low result,08:46
GRNQ,N/A,0.0,0.0,,,0,low result,08:50
GROM,N/A,0.0,0.0,,,0,low result,08:50
GRIL,N/A,0.0,0.0,,,0,low result,08:50
GRF,N/A,0.0,0.0,,,0,low result,08:50
GRTS,N/A,0.0,0.0,,,0,low result,08:50
GPM,N/A,0.0,0.0,,,0,low result,08:50
GORO,N/A,0.0,0.0,,,0,low result,08:50
GNCA,N/A,0.0,0.0,,,0,low result,08:47
GNT,N/A,0.0,0.0,,,0,low result,08:47
GNLN,N/A,0.0,0.0,,,0,spiked data,08:47
GNE,N/A,0.0,0.0,,,0,low result,08:47
GNSS,N/A,0.0,0.0,,,0,low result,08:47
GNAC,N/A,0.0,0.0,,,0,low result,08:47
GNFT,N/A,0.0,0.0,,,0,low result,08:47
GNPX,N/A,0.0,0.0,,,0,low result,08:47
GMDA,N/A,0.0,0.0,,,0,spiked data,08:47
GLTO,N/A,0.0,0.0,,,0,spiked data,08:47
GMVD,N/A,0.0,0.0,,,0,low result,08:47
GMTX,N/A,0.0,0.0,,,0,low result,08:47
GMBT,N/A,0.0,0.0,,,0,low result,08:47
GLRE,N/A,0.0,0.0,,,0,low result,08:47
GLYC,N/A,0.0,0.0,,,0,low result,08:47
GLOP,N/A,0.0,0.0,,,0,low result,08:47
GLDG,N/A,0.0,0.0,,,0,low result,08:47
GLG,N/A,0.0,0.0,,,0,low result,08:47
GLMD,N/A,0.0,0.0,,,0,spiked data,08:47
GLAQ,N/A,0.0,0.0,,,0,no data,08:47
GLBL,N/A,0.0,0.0,,,0,low result,08:47
GLHA,N/A,0.0,0.0,,,0,no data,08:47
GLBS,N/A,0.0,0.0,,,0,low result,08:47
GIG,N/A,0.0,0.0,,,0,low result,08:47
GIW,N/A,0.0,0.0,,,0,no data,08:47
GGT,N/A,0.0,0.0,,,0,low result,08:47
GIGM,N/A,0.0,0.0,,,0,low result,08:47
GIIX,N/A,0.0,0.0,,,0,no data,08:47
GHSI,N/A,0.0,0.0,,,0,low result,08:47
GIFI,N/A,0.0,0.0,,,0,low result,08:47
GHAC,N/A,0.0,0.0,,,0,no data,08:47
GFOR,N/A,0.0,0.0,,,0,no data,08:47
GECC,N/A,0.0,0.0,,,0,low result,08:47
GGMC,N/A,0.0,0.0,,,0,no data,08:47
GEG,N/A,0.0,0.0,,,0,low result,08:47
GERN,N/A,0.0,0.0,,,0,spiked data,08:47
GFX,N/A,0.0,0.0,,,0,low result,08:47
GENE,N/A,0.0,0.0,,,0,spiked data,08:47
GEOS,N/A,0.0,0.0,,,0,low result,08:47
GBS,N/A,0.0,0.0,,,0,spiked data,08:47
GAU,N/A,0.0,0.0,,,0,low result,08:47
GASS,N/A,0.0,0.0,,,0,low result,08:47
GDL,N/A,0.0,0.0,,,0,low result,08:47
GCV,N/A,0.0,0.0,,,0,no data,08:47
GCAC,N/A,0.0,0.0,,,0,no data,08:47
GBOX,N/A,0.0,0.0,,,0,low result,08:47
GBR,N/A,0.0,0.0,,,0,front zeros,08:47
GAPA,N/A,0.0,0.0,,,0,no data,08:47
GANX,N/A,0.0,0.0,,,0,low result,08:47
GALT,N/A,0.0,0.0,,,0,low result,08:47
FZT,N/A,0.0,0.0,,,0,no data,08:47
GAMB,N/A,0.0,0.0,,,0,low result,08:47
GAMC,N/A,0.0,0.0,,,0,no data,08:47
FWP,N/A,0.0,0.0,,,0,spiked data,08:47
FUSN,N/A,0.0,0.0,,,0,low result,08:47
FVE,N/A,0.0,0.0,,,0,spiked data,08:47
FVT,N/A,0.0,0.0,,,0,low result,08:47
FVAM,N/A,0.0,0.0,,,0,no data,08:47
FURY,N/A,0.0,0.0,,,0,low result,08:47
FUND,N/A,0.0,0.0,,,0,low result,08:47
FWAC,N/A,0.0,0.0,,,0,no data,08:47
FUSE,N/A,0.0,0.0,,,0,low result,08:47
FTK,N/A,0.0,0.0,,,0,spiked data,08:47
FTRP,N/A,0.0,0.0,,,0,spiked data,08:47
FTF,N/A,0.0,0.0,,,0,low result,08:47
FTEV,N/A,0.0,0.0,,,0,no data,08:47
FTFT,N/A,0.0,0.0,,,0,spiked data,08:47
FTPA,N/A,0.0,0.0,,,0,no data,08:47
FTEK,N/A,0.0,0.0,,,0,spiked data,08:47
FT,N/A,0.0,0.0,,,0,low result,08:47
FSI,N/A,0.0,0.0,,,0,low result,08:47
FSEA,N/A,0.0,0.0,,,0,low result,08:47
FSTX,N/A,0.0,0.0,,,0,low result,08:47
FSSI,N/A,0.0,0.0,,,0,low result,08:47
FSII,N/A,0.0,0.0,,,0,no data,08:47
FTAA,N/A,0.0,0.0,,,0,no data,08:47
FSRX,N/A,0.0,0.0,,,0,no data,08:47
FRSG,N/A,0.0,0.0,,,0,spiked data,08:47
FRON,N/A,0.0,0.0,,,0,low result,08:47
FREQ,N/A,0.0,0.0,,,0,spiked data,08:47
FRXB,N/A,0.0,0.0,,,0,no data,08:47
FRSX,N/A,0.0,0.0,,,0,low result,08:47
FRW,N/A,0.0,0.0,,,0,no data,08:47
FRLN,N/A,0.0,0.0,,,1,low result,08:47
FRBK,N/A,0.0,0.0,,,0,low result,08:47
FOA,N/A,0.0,0.0,,,0,spiked data,08:47
FPL,N/A,0.0,0.0,,,0,spiked data,08:47
FNCB,N/A,0.0,0.0,,,0,low result,08:50
FPAY,N/A,0.0,0.0,,,0,low result,08:50
FOXW,N/A,0.0,0.0,,,0,no data,08:50
FORE,N/A,0.0,0.0,,,0,low result,08:50
FNHC,N/A,0.0,0.0,,,0,low result,08:50
FLGC,N/A,0.0,0.0,,,0,low result,08:50
FLUX,N/A,0.0,0.0,,,0,low result,08:50
FLL,N/A,0.0,0.0,,,0,low result,08:50
FLNT,N/A,0.0,0.0,,,0,low result,08:47
FLME,N/A,0.0,0.0,,,0,no data,08:47
FMIV,N/A,0.0,0.0,,,0,no data,08:47
FLXN,N/A,0.0,0.0,,,0,spiked data,08:47
FLMN,N/A,0.0,0.0,,,0,low result,08:47
FIXX,N/A,0.0,0.0,,,0,low result,08:47
FHS,N/A,0.0,0.0,,,0,low result,08:47
FHTX,N/A,0.0,0.0,,,0,low result,08:47
FKWL,N/A,0.0,0.0,,,0,low result,08:47
FLAC,N/A,0.0,0.0,,,0,low result,08:47
FIV,N/A,0.0,0.0,,,0,low result,08:47
FGB,N/A,0.0,0.0,,,0,low result,08:47
FGF,N/A,0.0,0.0,,,0,low result,08:47
FENG,N/A,0.0,0.0,,,0,spiked data,08:47
FF,N/A,0.0,0.0,,,0,spiked data,08:47
FFHL,N/A,0.0,0.0,,,0,low result,08:47
FCRD,N/A,0.0,0.0,,,0,low result,08:47
FEMY,N/A,0.0,0.0,,,0,too many zeros,08:47
FENC,N/A,0.0,0.0,,,0,low result,08:47
FEIM,N/A,0.0,0.0,,,0,low result,08:47
FEDU,N/A,0.0,0.0,,,0,low result,08:47
EZPW,N/A,0.0,0.0,,,0,low result,08:47
FBIO,N/A,0.0,0.0,,,0,low result,08:47
FCO,N/A,0.0,0.0,,,0,low result,08:47
FARM,N/A,0.0,0.0,,,1,low result,08:47
FCAX,N/A,0.0,0.0,,,0,no data,08:47
FACA,N/A,0.0,0.0,,,0,no data,08:47
FACT,N/A,0.0,0.0,,,0,spiked data,08:47
FAMI,N/A,0.0,0.0,,,1,low result,08:47
EYEG,N/A,0.0,0.0,,,0,low result,08:47
EXTN,N/A,0.0,0.0,,,0,spiked data,08:47
EXPR,N/A,0.0,0.0,,,0,low result,08:47
EYEN,N/A,0.0,0.0,,,0,low result,08:47
EXN,N/A,0.0,0.0,,,0,no data,08:47
EYES,N/A,0.0,0.0,,,0,spiked data,08:47
EZGO,N/A,0.0,0.0,,,0,low result,08:47
EYPT,N/A,0.0,0.0,,,0,low result,08:47
EVOK,N/A,0.0,0.0,,,0,spiked data,08:47
EVGN,N/A,0.0,0.0,,,0,low result,08:47
EVOL,N/A,0.0,0.0,,,0,low result,08:47
EXFO,N/A,0.0,0.0,,,0,low result,08:47
EVK,N/A,0.0,0.0,,,0,spiked data,08:47
EVLO,N/A,0.0,0.0,,,0,low result,08:47
EVOJ,N/A,0.0,0.0,,,0,no data,08:47
EVFM,N/A,0.0,0.0,,,0,low result,08:47
EVF,N/A,0.0,0.0,,,0,low result,08:47
EVC,N/A,0.0,0.0,,,0,low result,08:47
ESM,N/A,0.0,0.0,,,0,low result,08:47
ETTX,N/A,0.0,0.0,,,0,low result,08:47
EUCR,N/A,0.0,0.0,,,0,no data,08:47
EVAX,N/A,0.0,0.0,,,0,no data,08:47
EUSG,N/A,0.0,0.0,,,0,no data,08:47
ETON,N/A,0.0,0.0,,,0,spiked data,08:47
EQS,N/A,0.0,0.0,,,0,low result,08:47
EQHA,N/A,0.0,0.0,,,0,no data,08:47
EPWR,N/A,0.0,0.0,,,0,no data,08:47
ERYP,N/A,0.0,0.0,,,0,front zeros,08:47
EQOS,N/A,0.0,0.0,,,0,front zeros,08:47
ERES,N/A,0.0,0.0,,,0,low result,08:47
EQ,N/A,0.0,0.0,,,0,spiked data,08:47
ESGC,N/A,0.0,0.0,,,0,spiked data,08:47
ENVB,N/A,0.0,0.0,,,0,spiked data,08:47
ENZ,N/A,0.0,0.0,,,0,spiked data,08:47
EOD,N/A,0.0,0.0,,,0,low result,08:47
EPM,N/A,0.0,0.0,,,0,no data,08:47
EPSN,N/A,0.0,0.0,,,0,low result,08:47
EPHY,N/A,0.0,0.0,,,0,no data,08:47
ENTX,N/A,0.0,0.0,,,0,spiked data,08:47
ENVI,N/A,0.0,0.0,,,0,low result,08:47
ENPC,N/A,0.0,0.0,,,0,no data,08:47
ENSV,N/A,0.0,0.0,,,0,low result,08:47
ENLV,N/A,0.0,0.0,,,0,spiked data,08:47
ENOB,N/A,0.0,0.0,,,0,spiked data,08:47
ENFA,N/A,0.0,0.0,,,0,low result,08:47
ENSC,N/A,0.0,0.0,,,0,low result,08:47
ENNV,N/A,0.0,0.0,,,0,no data,08:47
ELYS,N/A,0.0,1.803,,,0,spiked data,08:41
ELVT,N/A,0.0,0.0,,,0,low result,08:47
ELSE,N/A,0.0,0.0,,,0,low result,08:47
EMAN,N/A,0.0,0.0,,,0,low result,08:47
EMX,N/A,0.0,0.0,,,0,low result,08:47
ELOX,N/A,0.0,0.0,,,0,low result,08:47
EMKR,N/A,0.0,0.0,,,0,low result,08:47
ELTK,N/A,0.0,0.0,,,0,low result,08:47
EGY,N/A,0.0,0.0,,,0,low result,08:47
ELEV,N/A,0.0,0.0,,,0,low result,08:47
EFOI,N/A,0.0,0.0,,,0,spiked data,08:47
EDTX,N/A,0.0,0.0,,,0,no data,08:47
EEX,N/A,0.0,0.0,,,0,low result,08:47
EFL,N/A,0.0,0.0,,,0,low result,08:47
EEIQ,N/A,0.0,0.0,,,0,low result,08:47
EDN,N/A,0.0,0.0,,,0,low result,08:47
EDTK,N/A,0.0,0.0,,,0,low result,08:47
DYNT,N/A,0.0,0.0,,,0,spiked data,08:47
EBON,N/A,0.0,0.0,,,0,spiked data,08:47
EDI,N/A,0.0,0.0,,,0,low result,08:47
EDF,N/A,0.0,0.0,,,0,low result,08:47
EDD,N/A,0.0,0.0,,,0,low result,08:50
ECOR,N/A,0.0,0.0,,,0,low result,08:50
EAST,N/A,0.0,0.0,,,0,low result,08:50
EDAP,N/A,0.0,0.0,,,0,low result,08:50
DWIN,N/A,0.0,0.0,,,0,no data,08:50
DWSN,N/A,0.0,0.0,,,0,low result,08:50
DVD,N/A,0.0,0.0,,,0,low result,08:50
DXR,N/A,0.0,0.0,,,0,too many zeros,08:50
DXF,N/A,0.0,0.0,,,0,low result,08:48
DYNS,N/A,0.0,0.0,,,0,no data,08:48
DXYN,N/A,0.0,0.0,,,0,low result,08:48
DTEA,N/A,0.0,0.0,,,0,low result,08:48
DUO,N/A,0.0,0.0,,,0,spiked data,08:48
DSX,N/A,0.0,0.0,,,0,low result,08:48
DUOT,N/A,0.0,0.0,,,0,low result,08:48
DTST,N/A,0.0,0.0,,,0,low result,08:48
DTSS,N/A,0.0,0.0,,,0,spiked data,08:48
DSWL,N/A,0.0,0.0,,,0,low result,08:48
DTOC,N/A,0.0,0.0,,,0,no data,08:48
DSM,N/A,0.0,0.0,,,0,low result,08:48
DPRO,N/A,0.0,0.0,,,0,low result,08:48
DSAC,N/A,0.0,0.0,,,0,low result,08:48
DRRX,N/A,0.0,0.0,,,0,low result,08:48
DSS,N/A,0.0,0.0,,,0,low result,08:48
DS,N/A,0.0,0.0,,,0,spiked data,08:48
DRTT,N/A,0.0,0.0,,,0,spiked data,08:48
DNZ,N/A,0.0,0.0,,,0,no data,08:48
DOMA,N/A,0.0,0.0,,,0,front zeros,08:48
DNAA,N/A,0.0,0.0,,,0,no data,08:48
DNAB,N/A,0.0,0.0,,,0,low result,08:48
DNAD,N/A,0.0,0.0,,,0,no data,08:48
DOGZ,N/A,0.0,0.0,,,0,low result,08:48
DMYQ,N/A,0.0,0.0,,,0,low result,08:48
DNAC,N/A,0.0,0.0,,,0,low result,08:48
DMYI,N/A,0.0,0.0,,,0,low result,08:48
DLNG,N/A,0.0,0.0,,,0,low result,08:48
DKDCA,N/A,0.0,0.0,,,0,no data,08:48
DMF,N/A,0.0,0.0,,,0,low result,08:48
DHY,N/A,0.0,0.0,,,0,low result,08:48
DLCA,N/A,0.0,0.0,,,0,no data,08:48
DMS,N/A,0.0,0.0,,,0,spiked data,08:48
DMAC,N/A,0.0,0.0,,,0,low result,08:48
DGNS,N/A,0.0,0.0,,,0,low result,08:48
DHF,N/A,0.0,0.0,,,0,low result,08:48
DGLY,N/A,0.0,0.0,,,0,low result,08:48
DHX,N/A,0.0,0.0,,,0,low result,08:48
DHCA,N/A,0.0,0.0,,,0,no data,08:48
DHHC,N/A,0.0,0.0,,,0,no data,08:48
DHBCU,N/A,0.0,0.0,,,0,no data,08:48
DFPH,N/A,0.0,0.0,,,0,no data,08:48
DEH,N/A,0.0,0.0,,,0,low result,08:48
DCRC,N/A,0.0,0.0,,,0,low result,08:48
DFFN,N/A,0.0,0.0,,,0,low result,08:48
DFNS,N/A,0.0,0.0,,,0,low result,08:48
DCRN,N/A,0.0,0.0,,,0,low result,08:48
DDMX,N/A,0.0,0.0,,,0,no data,08:48
DCF,N/A,0.0,0.0,,,0,low result,08:48
DCTH,N/A,0.0,0.0,,,0,low result,08:48
DBGI,N/A,0.0,1.233,,,0,low result,08:41
DAIO,N/A,0.0,0.0,,,0,low result,08:48
CYTO,N/A,0.0,0.0,,,0,spiked data,08:48
DARE,N/A,0.0,0.0,,,0,spiked data,08:48
DAKT,N/A,0.0,0.0,,,0,low result,08:48
DBTX,N/A,0.0,0.0,,,0,low result,08:48
DALN,N/A,0.0,0.0,,,0,no data,08:48
CYXT,N/A,0.0,0.0,,,0,low result,08:48
CXE,N/A,0.0,0.0,,,0,low result,08:48
CXDO,N/A,0.0,0.0,,,0,low result,08:48
CYTH,N/A,0.0,0.0,,,0,spiked data,08:48
CYAN,N/A,0.0,0.0,,,0,low result,08:48
CYAD,N/A,0.0,0.0,,,0,too many zeros,08:48
CYRN,N/A,0.0,0.0,,,0,low result,08:48
CYCC,N/A,0.0,0.0,,,0,low result,08:48
CYCN,N/A,0.0,0.0,,,0,low result,08:48
CUEN,N/A,0.0,0.0,,,0,low result,08:48
CVV,N/A,0.0,0.0,,,0,low result,08:48
CTSO,N/A,0.0,0.0,,,0,low result,08:48
CTMX,N/A,0.0,0.0,,,0,low result,08:48
CTK,N/A,0.0,0.0,,,0,low result,08:48
CTIB,N/A,0.0,0.0,,,0,low result,08:48
CTIC,N/A,0.0,0.0,,,0,spiked data,08:48
CTHR,N/A,0.0,0.0,,,0,spiked data,08:48
CTXR,N/A,0.0,1.493,,,1,spiked data,08:41
CTAC,N/A,0.0,0.0,,,0,low result,08:48
CSLT,N/A,0.0,0.0,,,0,low result,08:48
CTEK,N/A,0.0,0.0,,,0,low result,08:48
CTAQ,N/A,0.0,0.0,,,0,no data,08:48
CSCW,N/A,0.0,0.0,,,0,low result,08:48
CTG,N/A,0.0,0.0,,,0,low result,08:48
CSTA,N/A,0.0,0.0,,,0,no data,08:48
CSPR,N/A,0.0,0.0,,,0,low result,08:48
CRNT,N/A,0.0,0.0,,,0,spiked data,08:48
CRZN,N/A,0.0,0.0,,,0,no data,08:48
CRU,N/A,0.0,0.0,,,0,low result,08:48
CRTD,N/A,0.0,0.0,,,0,spiked data,08:48
CRVS,N/A,0.0,0.0,,,0,low result,08:48
CRKN,N/A,0.0,0.0,,,0,low result,08:48
CRMD,N/A,0.0,0.0,,,0,spiked data,08:48
CRWS,N/A,0.0,0.0,,,0,low result,08:48
CRESY,N/A,0.0,0.0,,,0,spiked data,08:48
CREG,N/A,0.0,0.0,,,0,low result,08:48
CRBP,N/A,0.0,0.0,,,0,low result,08:48
CPTK,N/A,0.0,0.0,,,0,no data,08:48
CPSR,N/A,0.0,0.0,,,0,low result,08:48
CREX,N/A,0.0,0.0,,,0,low result,08:48
CPSS,N/A,0.0,0.0,,,0,low result,08:50
CRDF,N/A,0.0,0.0,,,0,low result,08:50
CORR,N/A,0.0,0.0,,,0,low result,08:50
CPOP,N/A,0.0,0.0,,,0,low result,08:50
CPHI,N/A,0.0,0.0,,,0,low result,08:50
CPIX,N/A,0.0,0.0,,,0,low result,08:50
CPSH,N/A,0.0,0.0,,,0,low result,08:50
COOL,N/A,0.0,0.0,,,0,low result,08:50
CPAR,N/A,0.0,0.0,,,0,no data,08:48
COVA,N/A,0.0,0.0,,,0,no data,08:48
COE,N/A,0.0,0.0,,,0,low result,08:48
CODA,N/A,0.0,0.0,,,0,low result,08:48
COLI,N/A,0.0,0.0,,,0,low result,08:48
COMS,N/A,0.0,0.0,,,0,low result,08:48
COGT,N/A,0.0,0.0,,,0,low result,08:48
CNSP,N/A,0.0,0.0,,,0,spiked data,08:48
COCP,N/A,0.0,0.0,,,0,low result,08:48
CNFR,N/A,0.0,0.0,,,0,front zeros,08:48
CNF,N/A,0.0,0.0,,,0,no data,08:48
CNET,N/A,0.0,0.0,,,0,low result,08:48
CMCT,N/A,0.0,0.0,,,0,low result,08:48
CMPI,N/A,0.0,0.0,,,0,low result,08:48
CMU,N/A,0.0,0.0,,,0,low result,08:48
CNCE,N/A,0.0,0.0,,,0,spiked data,08:48
CMCM,N/A,0.0,0.0,,,0,low result,08:48
CNEY,N/A,0.0,0.0,,,0,low result,08:48
CLVR,N/A,0.0,0.0,,,0,low result,08:48
CLRB,N/A,0.0,0.0,,,0,low result,08:48
CLXT,N/A,0.0,0.0,,,0,low result,08:48
CLWT,N/A,0.0,0.0,,,0,low result,08:48
CLRO,N/A,0.0,0.0,,,0,no data,08:48
CLSN,N/A,0.0,0.0,,,0,low result,08:48
CLSD,N/A,0.0,0.0,,,0,low result,08:48
CLRM,N/A,0.0,0.0,,,0,no data,08:48
CLPS,N/A,0.0,0.0,,,0,low result,08:48
CLPR,N/A,0.0,0.0,,,0,low result,08:48
CLBS,N/A,0.0,0.0,,,0,spiked data,08:48
CLIM,N/A,0.0,0.0,,,0,spiked data,08:48
CLAA,N/A,0.0,0.0,,,0,no data,08:48
CLAS,N/A,0.0,0.0,,,0,low result,08:48
CLIR,N/A,0.0,0.0,,,0,low result,08:48
CLEU,N/A,0.0,0.0,,,0,low result,08:48
CJJD,N/A,0.0,0.0,,,0,low result,08:48
CIF,N/A,0.0,0.0,,,0,low result,08:48
CIK,N/A,0.0,0.0,,,0,low result,08:48
CHRA,N/A,0.0,0.0,,,0,low result,08:48
CIA,N/A,0.0,0.0,,,0,spiked data,08:48
CKPT,N/A,0.0,0.0,,,0,spiked data,08:48
CIH,N/A,0.0,0.0,,,0,no data,08:48
CHMA,N/A,0.0,0.0,,,0,low result,08:48
CHFW,N/A,0.0,0.0,,,0,low result,08:48
CHCI,N/A,0.0,0.0,,,0,low result,08:48
CHNR,N/A,0.0,0.0,,,0,low result,08:48
CHPM,N/A,0.0,0.0,,,0,no data,08:48
CHMI,N/A,0.0,0.0,,,0,low result,08:48
CHAA,N/A,0.0,0.0,,,0,low result,08:48
CGA,N/A,0.0,0.0,,,0,low result,08:48
CFMS,N/A,0.0,0.0,,,0,spiked data,08:48
CERC,N/A,0.0,0.0,,,0,low result,08:48
CETX,N/A,0.0,0.0,,,0,spiked data,08:48
CEI,N/A,0.0,0.0,,,0,low result,08:48
CEPU,N/A,0.0,0.0,,,0,low result,08:48
CELP,N/A,0.0,0.0,,,0,low result,08:48
CDTX,N/A,0.0,0.0,,,0,low result,08:48
CECE,N/A,0.0,0.0,,,0,low result,08:48
CDOR,N/A,0.0,0.0,,,0,too many zeros,08:48
CCNC,N/A,0.0,0.0,,,0,low result,08:48
CBAH,N/A,0.0,0.0,,,0,no data,08:48
CBLI,N/A,0.0,0.0,,,0,low result,08:48
CBIO,N/A,0.0,0.0,,,0,low result,08:48
CCAC,N/A,0.0,0.0,,,0,low result,08:48
CCLP,N/A,0.0,0.0,,,0,low result,08:48
CBAY,N/A,0.0,0.0,,,0,low result,08:48
CCM,N/A,0.0,0.0,,,0,low result,08:48
CBAT,N/A,0.0,0.0,,,0,low result,08:48
CATB,N/A,0.0,0.0,,,0,spiked data,08:48
CAPR,N/A,0.0,0.0,,,0,spiked data,08:48
CANF,N/A,0.0,0.0,,,0,low result,08:48
CAHC,N/A,0.0,0.0,,,0,low result,08:48
CASI,N/A,0.0,0.0,,,0,low result,08:48
CALA,N/A,0.0,0.0,,,0,spiked data,08:48
CAS,N/A,0.0,0.0,,,0,low result,08:48
CADL,N/A,0.0,0.0,,,0,low result,08:48
CABA,N/A,0.0,0.0,,,0,low result,08:48
BYTS,N/A,0.0,0.0,,,0,no data,08:48
BYFC,N/A,0.0,0.0,,,0,low result,08:48
CAAS,N/A,0.0,0.0,,,0,low result,08:48
BWAY,N/A,0.0,0.0,,,0,low result,08:48
BWEN,N/A,0.0,0.0,,,0,low result,08:48
BYSI,N/A,0.0,0.0,,,0,low result,08:48
BVXV,N/A,0.0,0.0,,,0,low result,08:48
BTN,N/A,0.0,0.0,,,0,low result,08:48
BTTR,N/A,0.0,0.0,,,0,low result,08:48
BTCM,N/A,0.0,0.0,,,0,low result,08:48
BTAQ,N/A,0.0,0.0,,,0,low result,08:48
BSKY,N/A,0.0,0.0,,,0,no data,08:48
BSGM,N/A,0.0,0.0,,,0,low result,08:48
BRW,N/A,0.0,0.0,,,0,low result,08:48
BRQS,N/A,0.0,0.0,,,0,low result,08:48
BRY,N/A,0.0,0.0,,,0,low result,08:48
BRIV,N/A,0.0,0.0,,,0,no data,08:50
BSGA,N/A,0.0,0.0,,,0,no data,08:50
BRN,N/A,0.0,0.0,,,0,low result,08:50
BRPM,N/A,0.0,0.0,,,0,no data,08:50
BOSC,N/A,0.0,0.0,,,0,low result,08:50
BPT,N/A,0.0,0.0,,,0,low result,08:50
BQ,N/A,0.0,0.0,,,0,low result,08:50
BPTH,N/A,0.0,0.0,,,0,low result,08:50
BORR,N/A,0.0,0.0,,,0,low result,08:49
BRCN,N/A,0.0,0.0,,,0,low result,08:49
BPTS,N/A,0.0,0.0,,,0,low result,08:49
BOAS,N/A,0.0,0.0,,,0,no data,08:49
BNSO,N/A,0.0,0.0,,,0,low result,08:49
BLTS,N/A,0.0,0.0,,,0,no data,08:49
BNTC,N/A,0.0,0.0,,,0,low result,08:49
BNED,N/A,0.0,0.0,,,0,low result,08:49
BLUA,N/A,0.0,0.0,,,0,no data,08:49
BMRA,N/A,0.0,0.0,,,0,low result,08:49
BLU,N/A,0.0,0.0,,,0,low result,08:49
BKTI,N/A,0.0,0.0,,,0,no data,08:49
BLIN,N/A,0.0,0.0,,,0,low result,08:49
BLRX,N/A,0.0,0.0,,,0,low result,08:49
BLCM,N/A,0.0,0.0,,,0,low result,08:49
BLCT,N/A,0.0,0.0,,,0,low result,08:49
BLPH,N/A,0.0,0.0,,,0,low result,08:49
BLSA,N/A,0.0,0.0,,,0,no data,08:49
BKYI,N/A,0.0,0.0,,,0,low result,08:49
BKT,N/A,0.0,0.0,,,0,low result,08:49
BIOC,N/A,0.0,0.0,,,0,low result,08:49
BIMI,N/A,0.0,0.0,,,0,low result,08:49
BKEP,N/A,0.0,0.0,,,0,low result,08:49
BITE,N/A,0.0,0.0,,,0,low result,08:49
BKCC,N/A,0.0,0.0,,,0,low result,08:49
BIOT,N/A,0.0,0.0,,,0,low result,08:49
BGR,N/A,0.0,0.0,,,0,low result,08:49
BGIO,N/A,0.0,0.0,,,0,low result,08:49
BHR,N/A,0.0,0.0,,,0,low result,08:49
BGI,N/A,0.0,0.0,,,0,low result,08:49
BHAT,N/A,0.0,0.0,,,0,low result,08:49
BFRA,N/A,0.0,0.0,,,0,low result,08:49
BHSE,N/A,0.0,0.0,,,0,no data,08:49
BHTG,N/A,0.0,0.0,,,1,low result,08:49
BCYP,N/A,0.0,0.0,,,0,low result,08:49
BEDU,N/A,0.0,0.0,,,0,no data,08:49
BDTX,N/A,0.0,0.0,,,0,low result,08:49
BDSI,N/A,0.0,0.0,,,0,low result,08:49
BDR,N/A,0.0,0.0,,,0,low result,08:49
BCTG,N/A,0.0,0.0,,,0,low result,08:49
BBI,N/A,0.0,0.0,,,0,low result,08:49
BCDA,N/A,0.0,0.0,,,0,low result,08:49
BCEL,N/A,0.0,0.0,,,0,low result,08:49
BCLI,N/A,0.0,0.0,,,0,low result,08:49
BBIG,N/A,0.0,0.0,,,0,low result,08:49
BBGI,N/A,0.0,0.0,,,0,low result,08:49
BCAC,N/A,0.0,0.0,,,0,no data,08:49
AZRX,N/A,0.0,0.0,,,0,low result,08:49
AYTU,N/A,0.0,0.0,,,0,low result,08:49
AZYO,N/A,0.0,0.0,,,0,no data,08:49
AYRO,N/A,0.0,0.0,,,0,low result,08:49
BAOS,N/A,0.0,0.0,,,0,low result,08:49
BBCP,N/A,0.0,0.0,,,0,low result,08:49
AXU,N/A,0.0,0.0,,,0,low result,08:49
AXTI,N/A,0.0,0.0,,,0,low result,08:49
AVGR,N/A,0.0,0.0,,,0,low result,08:49
AXAS,N/A,0.0,0.0,,,0,low result,08:49
AWX,N/A,0.0,0.0,,,0,low result,08:49
AXLA,N/A,0.0,0.0,,,0,low result,08:49
AVRO,N/A,0.0,0.0,,,0,low result,08:49
AXDX,N/A,0.0,0.0,,,0,low result,08:49
AWRE,N/A,0.0,0.0,,,0,low result,08:49
AVEO,N/A,0.0,0.0,,,0,low result,08:49
AVCT,N/A,0.0,0.0,,,0,low result,08:49
AUTL,N/A,0.0,0.0,,,0,low result,08:49
AVDL,N/A,0.0,0.0,,,0,low result,08:49
AVCO,N/A,0.0,0.0,,,0,low result,08:49
AUVI,N/A,0.0,0.0,,,0,low result,08:49
AUUD,N/A,0.0,0.0,,,0,low result,08:49
AURC,N/A,0.0,0.0,,,0,low result,08:49
AUD,N/A,0.0,0.0,,,0,low result,08:49
AUMN,N/A,0.0,0.0,,,0,low result,08:49
ATXI,N/A,0.0,0.0,,,0,low result,08:49
ATNX,N/A,0.0,0.0,,,0,low result,08:49
ATY,N/A,0.0,0.0,,,0,low result,08:49
ATVC,N/A,0.0,0.0,,,0,no data,08:49
ATNM,N/A,0.0,0.0,,,0,low result,08:49
ATMR,N/A,0.0,0.0,,,0,low result,08:49
ATHE,N/A,0.0,0.0,,,0,low result,08:49
ATIF,N/A,0.0,0.0,,,0,low result,08:49
ATER,N/A,0.0,0.0,,,0,low result,08:49
ATHX,N/A,0.0,0.0,,,0,low result,08:49
ATHA,N/A,0.0,0.0,,,0,low result,08:49
ATHN,N/A,0.0,0.0,,,0,low result,08:49
ATNF,N/A,0.0,0.0,,,0,low result,08:49
ATA,N/A,0.0,0.0,,,0,low result,08:49
ASUR,N/A,0.0,0.0,,,0,low result,08:49
ASTC,N/A,0.0,0.0,,,0,low result,08:49
ATAQ,N/A,0.0,0.0,,,0,no data,08:49
ASRV,N/A,0.0,0.0,,,0,low result,08:49
ASYS,N/A,0.0,0.0,,,0,low result,08:49
ATAX,N/A,0.0,0.0,,,0,low result,08:49
ASRT,N/A,0.0,0.0,,,0,low result,08:49
ASM,N/A,0.0,0.0,,,0,low result,08:49
ASMB,N/A,0.0,0.0,,,0,low result,08:49
ASC,N/A,0.0,0.0,,,0,low result,08:49
ASG,N/A,0.0,0.0,,,0,low result,08:49
ASPU,N/A,0.0,0.0,,,0,low result,08:49
ASPS,N/A,0.0,0.0,,,0,low result,08:49
ASLN,N/A,0.0,0.0,,,0,low result,08:49
ASPC,N/A,0.0,0.0,,,0,no data,08:49
ARPO,N/A,0.0,0.0,,,0,low result,08:49
ARYE,N/A,0.0,0.0,,,0,no data,08:49
ARRW,N/A,0.0,0.0,,,0,no data,08:49
ARTL,N/A,0.0,0.0,,,0,low result,08:50
ARTA,N/A,0.0,0.0,,,0,no data,08:50
ASAX,N/A,0.0,0.0,,,0,low result,08:50
ARTW,N/A,0.0,0.0,,,0,low result,08:50
ASAQ,N/A,0.0,0.0,,,0,no data,08:50
ARMP,N/A,0.0,0.0,,,0,low result,08:50
ARC,N/A,0.0,0.0,,,0,spiked data,08:50
ARDX,N/A,0.0,0.0,,,0,low result,08:50
ARAV,N/A,0.0,0.0,,,0,low result,08:49
ARDS,N/A,0.0,0.0,,,0,low result,08:49
AREC,N/A,0.0,0.0,,,0,low result,08:49
ARBG,N/A,0.0,0.0,,,0,no data,08:49
ARAY,N/A,0.0,0.0,,,0,low result,08:49
APWC,N/A,0.0,0.0,,,0,low result,08:49
APTO,N/A,0.0,0.0,,,0,low result,08:49
AQMS,N/A,0.0,0.0,,,1,low result,08:49
APYX,N/A,0.0,0.0,,,0,low result,08:49
APTX,N/A,0.0,0.0,,,0,low result,08:49
AQST,N/A,0.0,0.0,,,0,low result,08:49
APRN,N/A,0.0,0.0,,,0,low result,08:49
AQB,N/A,0.0,0.0,,,0,low result,08:49
AP,N/A,0.0,0.0,,,0,low result,08:49
ANY,N/A,0.0,0.0,,,0,low result,08:49
APDN,N/A,0.0,0.0,,,0,low result,08:49
APRE,N/A,0.0,0.0,,,1,low result,08:49
APOP,N/A,0.0,0.0,,,0,low result,08:49
APM,N/A,0.0,0.0,,,0,low result,08:49
ANTE,N/A,0.0,0.0,,,0,low result,08:49
APEN,N/A,0.0,0.0,,,0,low result,08:49
AMS,N/A,0.0,0.0,,,0,low result,08:49
ANEB,N/A,0.0,0.0,,,0,low result,08:49
AMST,N/A,0.0,0.0,,,0,low result,08:49
AMPE,N/A,0.0,0.0,,,0,low result,08:49
AMPI,N/A,0.0,0.0,,,0,no data,08:49
AMHC,N/A,0.0,0.0,,,0,no data,08:49
AMBO,N/A,0.0,0.0,,,0,low result,08:49
AMAO,N/A,0.0,0.0,,,0,no data,08:49
AMPG,N/A,0.0,0.0,,,0,low result,08:49
ALYA,N/A,0.0,0.0,,,0,low result,08:49
ALZN,N/A,0.0,0.0,,,0,low result,08:49
ALPN,N/A,0.0,0.0,,,0,low result,08:49
ALTO,N/A,0.0,0.0,,,0,low result,08:49
ALTU,N/A,0.0,0.0,,,0,low result,08:49
ALJJ,N/A,0.0,0.0,,,0,low result,08:49
ALIM,N/A,0.0,0.0,,,0,low result,08:49
ALT,N/A,0.0,0.0,,,0,low result,08:49
ALNA,N/A,0.0,0.0,,,0,low result,08:49
ALRN,N/A,0.0,0.0,,,0,low result,08:49
AIM,N/A,0.0,0.0,,,0,low result,08:49
AIKI,N/A,0.0,0.0,,,0,low result,08:49
AKBA,N/A,0.0,0.0,,,0,low result,08:49
AKTX,N/A,0.0,0.0,,,0,low result,08:49
AKU,N/A,0.0,0.0,,,0,low result,08:49
AIRI,N/A,0.0,0.0,,,0,low result,08:49
AKTS,N/A,0.0,0.0,,,0,low result,08:49
AKIC,N/A,0.0,0.0,,,0,no data,08:49
AHAC,N/A,0.0,0.0,,,0,low result,08:49
AGS,N/A,0.0,0.0,,,0,low result,08:49
AGRI,N/A,0.0,0.0,,,0,low result,08:49
AIHS,N/A,0.0,0.0,,,0,low result,08:49
AIH,N/A,0.0,0.0,,,0,low result,08:49
AGRX,N/A,0.0,0.0,,,0,spiked data,08:49
AGTC,N/A,0.0,0.0,,,0,low result,08:49
AGMH,N/A,0.0,0.0,,,0,low result,08:49
AGE,N/A,0.0,0.0,,,1,low result,08:49
AFI,N/A,0.0,0.0,,,0,low result,08:49
AFAQ,N/A,0.0,0.0,,,0,no data,08:49
AGFS,N/A,0.0,0.0,,,0,low result,08:49
AGGR,N/A,0.0,0.0,,,0,no data,08:49
AEY,N/A,0.0,0.0,,,0,low result,08:49
AEZS,N/A,0.0,0.0,,,0,low result,08:49
AGLE,N/A,0.0,0.0,,,0,low result,08:49
AENZ,N/A,0.0,0.0,,,0,no data,08:49
AEI,N/A,0.0,0.0,,,0,spiked data,08:49
AEF,N/A,0.0,0.0,,,0,low result,08:49
AESE,N/A,0.0,0.0,,,0,spiked data,08:49
AEMD,N/A,0.0,0.0,,,0,low result,08:49
AEAC,N/A,0.0,0.0,,,0,no data,08:49
AEHR,N/A,0.0,0.0,,,0,spiked data,08:49
AEHL,N/A,0.0,0.0,,,0,low result,08:49
ADVM,N/A,0.0,0.0,,,0,low result,08:49
ADXS,N/A,0.0,0.0,,,0,low result,08:49
ADTX,N/A,0.0,0.0,,,0,low result,08:49
ADXN,N/A,0.0,0.0,,,0,low result,08:49
ADRA,N/A,0.0,0.0,,,0,low result,08:49
ADN,N/A,0.0,0.0,,,0,spiked data,08:49
ADMS,N/A,0.0,0.0,,,0,low result,08:49
ADES,N/A,0.0,0.0,,,0,low result,08:49
ADEX,N/A,0.0,0.0,,,0,no data,08:49
ADF,N/A,0.0,0.0,,,0,low result,08:49
ADIL,N/A,0.0,0.0,,,0,low result,08:49
ACXP,N/A,0.0,0.0,,,0,low result,08:49
ACTG,N/A,0.0,0.0,,,0,low result,08:49
ADER,N/A,0.0,0.0,,,0,low result,08:49
ADMA,N/A,0.0,0.0,,,0,spiked data,08:49
ACTD,N/A,0.0,0.0,,,0,no data,08:50
ACRX,N/A,0.0,0.0,,,0,low result,08:50
ACST,N/A,0.0,0.0,0.45,0.45,2,low result,08:50
ACII,N/A,0.0,0.0,,,0,no data,08:50
ACHV,N/A,0.0,0.0,,,0,low result,08:50
ACOR,N/A,0.0,0.0,,,0,low result,08:50
ACEV,N/A,0.0,0.0,,,0,low result,08:50
ACHL,N/A,0.0,0.0,,,0,low result,08:50
ACER,N/A,0.0,0.0,,,0,low result,08:50
ACET,N/A,0.0,0.0,,,0,low result,08:50
ABVC,N/A,0.0,0.0,,,0,low result,08:50
ABIO,N/A,0.0,0.0,,,0,low result,08:50
ABGI,N/A,0.0,0.0,,,0,low result,08:50
ACAH,N/A,0.0,0.0,,,0,no data,08:50
ABUS,N/A,0.0,0.0,,,0,low result,08:50
ACBA,N/A,0.0,0.0,,,0,no data,08:50
AAQC,N/A,0.0,0.0,,,0,no data,08:50
AATC,N/A,0.0,0.0,,,0,low result,08:50
AAU,N/A,0.0,0.0,,,0,low result,08:50
AAIC,N/A,0.0,0.0,,,0,low result,08:50
AAME,N/A,0.0,0.0,,,0,low result,08:50
ABEO,N/A,0.0,0.0,,,0,low result,08:50
AACG,N/A,0.0,0.0,,,0,low result,08:50
AAOI,N/A,0.0,0.0,,,0,low result,08:50
